autor,titulo,enlace,categoria_descriptores,vistas_reales,fecha_publicacion,latent_x,latent_y,latent_z
Tinkernut,Beginners Guide to Projection Mapping,https://www.youtube.com/watch?v=skU3T8bgEIM,"Beginner Guides (Beginner Guides, 3D Projection Mapping & Calibration)",741452,2014-08-12,85.34,-9.15,65.65
FX Projections,Projection Mapping Tutorial,https://www.youtube.com/watch?v=B9lpe_RQxYg,3D Projection Mapping & Calibration (3D Projection Mapping & Calibration),410541,2023-08-10,8.62,3.6,77.6
Motion by Nick (Nick Greenawalt),Learn VIRAL projection mapping in 10 minutes (beginner),https://www.youtube.com/watch?v=BCKEYrCfvHs,"Beginner Guides (Beginner Guides, 3D Projection Mapping & Calibration)",321354,2026-01-11,57.85,-24.77,43.09
Luma Box,After Effects Projection Mapping Beginner's Tutorial,https://www.youtube.com/watch?v=X6CYgIHuof8,"Beginner Guides (Beginner Guides, 3D Projection Mapping & Calibration)",302830,2020-08-10,86.58,-3.57,42.77
Interactive solution Expert,How to use projection mapping software to create an immersive room?,https://www.youtube.com/watch?v=osYL-BCwYWU,3D Projection Mapping & Calibration (3D Projection Mapping & Calibration),248158,2024-08-09,-1.42,-15.53,120.0
SIRS Electronics Inc,How to Set Up Madrix Software Using DMX LED Strip,https://www.youtube.com/watch?v=4wIvzMlRkT0,"LED Strip Pixel Mapping (LED Strip Pixel Mapping, DMX & ArtNet Lighting Output)",216572,2014-08-12,-101.87,-10.31,5.47
Luma Box,Projection Mapping Tutorial - 3d Mapping with MadMapper,https://www.youtube.com/watch?v=1Typv7KxBRM,3D Projection Mapping & Calibration (3D Projection Mapping & Calibration),214473,2019-08-11,-8.17,-2.54,68.26
Lucinda Dilworth,Projection mapping setup,https://www.youtube.com/watch?v=fKPsgA8qW4s,"Beginner Guides (Beginner Guides, 3D Projection Mapping & Calibration)",174124,2024-08-09,66.75,-19.03,64.4
MadMapper The Mapping Software,One Projector — MADTutorial Basics,https://www.youtube.com/watch?v=VPcMOzzRmZI,Beginner Guides (Beginner Guides),134874,2017-08-11,45.48,23.89,-28.9
Buskirk Creative,MadMapper Tutorial - Part 1: Introduction,https://www.youtube.com/watch?v=MlKtvh1f-jw,Beginner Guides (Beginner Guides),130750,2016-08-11,19.98,-21.77,-70.64
Luma Box,Get Started: LumaMap AI Projection Mapping Beginner Tutorial,https://www.youtube.com/watch?v=cZ7tuWDYc8I,"Beginner Guides (Beginner Guides, 3D Projection Mapping & Calibration)",101784,2025-08-09,91.6,-23.33,33.88
SuperLightingLED,BC-204 Art-net DMX Mardix Control SPI Digital LED Strips,https://www.youtube.com/watch?v=d7hEh69_Jvs,"LED Strip Pixel Mapping (LED Strip Pixel Mapping, DMX & ArtNet Lighting Output)",100807,2021-08-10,-108.1,-53.24,15.79
Luma Box,MadMapper Scenes & Cues Projection Mapping Tutorial | Cake Mapping Examples,https://www.youtube.com/watch?v=rXennwOHXXQ,3D Projection Mapping & Calibration (3D Projection Mapping & Calibration),99890,2019-08-11,-10.31,15.81,104.76
ProjectileObjects,MadMapper MiniMAD Demo & Review,https://www.youtube.com/watch?v=TiSDhxbRTGc,Beginner Guides (Beginner Guides),87752,2016-08-11,23.97,-49.93,2.09
Luma Box,MadMapper House Projection Mapping Walkthrough,https://www.youtube.com/watch?v=YVgUWpfaRNU,3D Projection Mapping & Calibration (3D Projection Mapping & Calibration),85182,2022-08-10,7.25,-44.17,75.76
The Interactive & Immersive HQ,Projection Mapping Tools in TouchDesigner - TouchDesigner Tutorial 046,https://www.youtube.com/watch?v=mTH7ZB4x47Q,3D Projection Mapping & Calibration (3D Projection Mapping & Calibration),83935,2021-08-10,-24.4,-21.18,98.56
Zunayed Sabbir Ahmed and All About Stage Shows!,Projection Mapping for Beginners – Complete Starter Guide [Full Documentary],https://www.youtube.com/watch?v=FEZuE9Til78,3D Projection Mapping & Calibration (3D Projection Mapping & Calibration),78578,2024-08-09,32.53,11.05,89.36
Luma Box,Make House Projection Mapping Outlines (QUICK Technique),https://www.youtube.com/watch?v=tYV0R515rwk,3D Projection Mapping & Calibration (3D Projection Mapping & Calibration),72659,2022-08-10,4.02,-37.44,100.11
Shanks FX,PROJECTION MAPPING tutorial: Part 1 | Mad Mapper,https://www.youtube.com/watch?v=BkCktjryKUk,3D Projection Mapping & Calibration (3D Projection Mapping & Calibration),71051,2014-08-12,-16.88,15.77,77.75
MadMapper The Mapping Software,MadMapper MasterClass,https://www.youtube.com/watch?v=Trd93uPxvyw,Beginner Guides (Beginner Guides),66597,2021-08-10,75.14,-38.95,-45.77
Buskirk Creative,MadMapper Tutorial - Part 2: Interface Basics,https://www.youtube.com/watch?v=3TREiPEDgWw,Beginner Guides (Beginner Guides),56829,2016-08-11,45.16,14.6,-64.55
Pixel bar Jack,Audiovisual DMX LED pixel Meteor tubes led mapping  support MadMapper，madrix and Arena Resolume,https://www.youtube.com/watch?v=JZKewQLTgFw,"LED Strip Pixel Mapping (LED Strip Pixel Mapping, DMX & ArtNet Lighting Output)",52914,2022-08-10,-100.0,15.95,-16.23
LED Pixel Lighting Cathy Zhang,How to Setup Madrix to Artnet Controller Working WS2812B LED Pixel Light?,https://www.youtube.com/watch?v=LFPHB7yrqiE,"LED Strip Pixel Mapping (LED Strip Pixel Mapping, DMX & ArtNet Lighting Output)",50665,2020-08-10,-50.53,-23.26,-11.01
Luma Box,Cake Projection Mapping Tutorial with Two Projectors using Qlab & MadMapper,https://www.youtube.com/watch?v=lR-vcXF6QoI,"3D Projection Mapping & Calibration (3D Projection Mapping & Calibration, Syphon, Spout & NDI Video Routing)",49790,2019-08-11,18.44,46.92,49.77
Buskirk Creative,MadMapper: 3D Calibration (Advanced Tutorial),https://www.youtube.com/watch?v=nJa0xTkTUx4,3D Projection Mapping & Calibration (3D Projection Mapping & Calibration),45296,2018-08-11,-26.39,-6.95,54.17
Emily Bommarito,MadMapper - Projection Mapping Basics,https://www.youtube.com/watch?v=-NbJY4mU424,"Beginner Guides (Beginner Guides, Surface Creation & Masking, 3D Projection Mapping & Calibration)",44399,2023-08-10,39.82,-79.12,54.45
MadMapper The Mapping Software,Spacial Scanner — MADTutorial Basics,https://www.youtube.com/watch?v=CwRKvBL7jvE,"Beginner Guides (Beginner Guides, Spatial Scanner 3D Reconstruction)",42853,2017-08-11,32.59,61.42,-0.96
Zunayed Sabbir Ahmed and All About Stage Shows!,MadMapper Projection Mapping – In-Depth Full Tutorial | VJ Tips,https://www.youtube.com/watch?v=ytwvo7xBfDs,3D Projection Mapping & Calibration (3D Projection Mapping & Calibration),40668,2025-10-13,27.19,12.94,59.14
MadMapper The Mapping Software,Scenes: basics #1— MADTutorial Scenes and Cues,https://www.youtube.com/watch?v=0QS-tww2YEM,Beginner Guides (Beginner Guides),36094,2019-08-11,96.75,-53.68,-96.58
MadMapper The Mapping Software,Background Image Video Mapping — MADTutorial Advanced,https://www.youtube.com/watch?v=2naTN0JVPio,Beginner Guides (Beginner Guides),34640,2017-08-11,91.61,6.55,4.12
LED Strip Studio,LED pixel mapping in MADRIX using ArtNet and SPI Matrix,https://www.youtube.com/watch?v=XgcacEocLjw,"LED Strip Pixel Mapping (LED Strip Pixel Mapping, DMX & ArtNet Lighting Output)",34564,2021-08-10,-78.33,-45.33,17.73
MadMapper The Mapping Software,MeshWarping -- MADTutorial Advanced,https://www.youtube.com/watch?v=zVZXT0oiZYU,"Surface Creation & Masking (Surface Creation & Masking, 3D Projection Mapping & Calibration)",34202,2017-08-11,15.01,-103.47,51.19
reflekkt,Projection Mapping with KantanMapper - TouchDesigner Tutorial,https://www.youtube.com/watch?v=QBEtbXtCIcU,3D Projection Mapping & Calibration (3D Projection Mapping & Calibration),32635,2025-08-09,-9.99,-5.95,92.61
Joshua Wolk,Projection Mapping Tutorial for Beginners (Free!),https://www.youtube.com/watch?v=y5e5CjNXA9g,3D Projection Mapping & Calibration (3D Projection Mapping & Calibration),31363,2026-01-11,13.02,2.31,102.99
Yoshe Li,TouchDesigner Tutorial: Projection Mapping with Kantan Mapper,https://www.youtube.com/watch?v=E1YMSPLVws0,3D Projection Mapping & Calibration (3D Projection Mapping & Calibration),31242,2024-08-09,-28.68,-4.4,81.96
Wicked Lasers,LaserCube and Resolume - TUTORIAL,https://www.youtube.com/watch?v=lhrokW5nF0s,Beginner Guides (Beginner Guides),29182,2022-08-10,4.18,-6.24,-56.96
MadMapper The Mapping Software,Quickstart / MadLaser,https://www.youtube.com/watch?v=3pt_nI-0lv8,Laser Control & Hardware (Laser Control & Hardware),29045,2022-08-10,-31.92,-88.62,-22.67
MadMapper The Mapping Software,One LED bar - MADTutorial Basics,https://www.youtube.com/watch?v=PtPelZJ1Nyc,"Beginner Guides (Beginner Guides, LED Strip Pixel Mapping)",27163,2018-08-11,69.44,39.35,21.87
MadMapper The Mapping Software,Soft Edge — Advanced  MADTutorial,https://www.youtube.com/watch?v=kR1fVI4wM2k,Surface Creation & Masking (Surface Creation & Masking),26469,2017-08-11,-5.22,-110.12,46.92
MadMapper The Mapping Software,3D Calibration - MADTutorial Advanced,https://www.youtube.com/watch?v=YblkYxNtGnE,3D Projection Mapping & Calibration (3D Projection Mapping & Calibration),26289,2018-08-11,-14.42,-2.69,35.38
MadMapper The Mapping Software,MadMapper 5 / How to authorize/deauthorize,https://www.youtube.com/watch?v=IujhgLddzr8,Beginner Guides (Beginner Guides),25585,2022-08-10,66.0,-30.53,-8.88
Bichi Soul,Introducción al Video Mapping con Madmapper - Principiantes,https://www.youtube.com/watch?v=UFSxJX3QjN0,Beginner Guides (Beginner Guides),25560,2020-08-10,45.02,-14.38,-18.76
Silesia Lasers,Playing with MadMapper and 3 x LaserCube 7.5W Ultra! 🤯,https://www.youtube.com/watch?v=LiqxwhKEQkI,Beginner Guides (Beginner Guides),25157,2023-08-10,-5.78,-27.47,-51.29
MadMapper The Mapping Software,Bezier Masking / MadMapper 4,https://www.youtube.com/watch?v=ow398X-pg20,Surface Creation & Masking (Surface Creation & Masking),24803,2020-08-10,3.13,-73.81,37.48
MadMapper The Mapping Software,LED Scanner - MADTutorial Basics,https://www.youtube.com/watch?v=CE_jI_wb9cI,"Beginner Guides (Beginner Guides, Spatial Scanner 3D Reconstruction, LED Strip Pixel Mapping)",24645,2018-08-11,45.65,73.67,-5.48
Phillip Andrews,madmapper 8 presets,https://www.youtube.com/watch?v=JZJJHCXq5z8,3D Projection Mapping & Calibration (3D Projection Mapping & Calibration),24313,2012-08-12,-8.05,-17.68,52.32
Luma Box,Round Cake Projection Mapping MadMapper Tutorial,https://www.youtube.com/watch?v=kLqN4vGdVzE,3D Projection Mapping & Calibration (3D Projection Mapping & Calibration),23855,2020-08-10,5.51,25.58,87.75
MadMapper The Mapping Software,Blend Modes — MADTutorial Basics,https://www.youtube.com/watch?v=tJhidyoONIs,Beginner Guides (Beginner Guides),23441,2017-08-11,65.27,33.38,-17.15
MadMapper The Mapping Software,Soft Edge — MADTutorial Basics,https://www.youtube.com/watch?v=kwct3cdL6Cw,Beginner Guides (Beginner Guides),23393,2017-08-11,54.97,44.67,-42.04
Aoshow led,How to connection Madmapper- DMX Artnet Box- Power-DMX512 360 LED Pixel Tube with DMX/T/Extend Cable,https://www.youtube.com/watch?v=DU5-q9Wgrss,"LED Strip Pixel Mapping (LED Strip Pixel Mapping, DMX & ArtNet Lighting Output)",23363,2021-08-10,-104.15,-53.13,-39.9
Luma Box,Cake Mapping with MadMapper Beginner’s Tutorial,https://www.youtube.com/watch?v=6Cv7g6xjpPs,"Beginner Guides (Beginner Guides, 3D Projection Mapping & Calibration)",23362,2020-08-10,72.2,-11.58,29.64
Benjamin Kuperberg,Spout [Syphon for Windows] Unity to Resolume Plugin Demo,https://www.youtube.com/watch?v=r-QcMU_uwYA,"Syphon, Spout & NDI Video Routing (Syphon, Spout & NDI Video Routing)",22725,2014-08-12,-19.35,76.03,75.22
MadMapper The Mapping Software,Control MadMapper — MADTutorial Controls,https://www.youtube.com/watch?v=sZbRTVMJjsI,Beginner Guides (Beginner Guides),22680,2017-08-11,74.45,26.77,-59.62
Halucinated Studios,"Intro to Projection Mapping, Step by Step Guide for Beginners, Tutorial by Steve Lucin",https://www.youtube.com/watch?v=5L5oIqg27z8,"Beginner Guides (Beginner Guides, 3D Projection Mapping & Calibration)",20906,2025-08-09,96.68,-25.39,66.88
MadMapper The Mapping Software,Primitives And Stack — MADTutorial Basics,https://www.youtube.com/watch?v=EiQOsh1YEJU,Beginner Guides (Beginner Guides),20342,2017-08-11,65.27,33.38,-17.15
Programming for People,"Spout for Unity (Texture sharing for other programs) Resolume, Touchdesigner, VVVV",https://www.youtube.com/watch?v=iIwcqgAPVWI,"Syphon, Spout & NDI Video Routing (Syphon, Spout & NDI Video Routing)",20182,2019-08-11,-51.5,54.95,58.11
academicVids,Tutorial introductorio MadMapper,https://www.youtube.com/watch?v=9swaBxmrJAs,Beginner Guides (Beginner Guides),20022,2020-08-10,36.87,-17.88,-57.1
MadMapper The Mapping Software,MiniMad Synchronization Over Network — MadTutorial Basics,https://www.youtube.com/watch?v=pbYm6hKS6zk,Beginner Guides (Beginner Guides),18914,2018-08-11,48.1,22.68,-4.58
MadMapper The Mapping Software,Custom Light Fixture — MADTutorial Advanced,https://www.youtube.com/watch?v=QgxyNQSMmns,"LED Strip Pixel Mapping (LED Strip Pixel Mapping, DMX & ArtNet Lighting Output)",18686,2018-08-11,-65.16,-5.55,-7.72
Nanlux Global,DMX Control Tutorial with Madmapper | NANLITE & NANLUX,https://www.youtube.com/watch?v=PEcbcI4aeUA,DMX & ArtNet Lighting Output (DMX & ArtNet Lighting Output),18340,2022-08-10,-74.54,-19.57,-102.98
LUMOplay,How to make an interactive wall - a complete guide,https://www.youtube.com/watch?v=qKe4ULQKJ8U,Beginner Guides (Beginner Guides),17797,2025-09-13,116.31,-35.75,-41.45
Zunayed Sabbir Ahmed,Resolume vs MadMapper vs HeavyM – Which Projection Mapping Tool Wins?,https://www.youtube.com/watch?v=HNmtwxkLvE0,"3D Projection Mapping & Calibration (3D Projection Mapping & Calibration, Procedural Shaders & ISF Materials)",16903,2025-08-09,-20.49,25.18,1.03
MadMapper The Mapping Software,MiniMad Mapping and Image Mode — MadTutorial Basics,https://www.youtube.com/watch?v=8I1oqNXbOMg,Beginner Guides (Beginner Guides),16561,2018-08-11,42.03,20.63,12.94
MadMapper The Mapping Software,One Projector Setup,https://www.youtube.com/watch?v=KxZN8VzbX7M,Beginner Guides (Beginner Guides),16274,2025-12-12,28.6,27.49,-42.59
MadMapper The Mapping Software,Content types / MadLaser,https://www.youtube.com/watch?v=kvS8dc8cXVI,Beginner Guides (Beginner Guides),16009,2022-08-10,63.75,-1.6,-51.37
LaserFX -  Laser and Mutlimedia show,MadMapper / MadLaser laser show control software,https://www.youtube.com/watch?v=yXARXuBOa1g,Laser Control & Hardware (Laser Control & Hardware),15600,2022-08-10,-3.97,-94.43,-50.23
MadMapper The Mapping Software,MadMapper 5.1 GPU Particles,https://www.youtube.com/watch?v=bMWPeu5dAT0,Beginner Guides (Beginner Guides),15145,2022-08-10,56.62,-35.63,-32.45
MadMapper The Mapping Software,Create Groups —MADTutorial,https://www.youtube.com/watch?v=eibib5PkLUo,Beginner Guides (Beginner Guides),15085,2017-08-11,64.03,3.67,-22.36
MadMapper The Mapping Software,Connect MadMapper to Pangolin Beyond,https://www.youtube.com/watch?v=LDwDNQtH54k,Laser Control & Hardware (Laser Control & Hardware),14897,2022-08-10,-8.63,-76.12,-66.22
Pangolin Laser Systems,Video mapping and lasers! | Recolor by video in BEYOND,https://www.youtube.com/watch?v=LZSiVvUJsrg,Beginner Guides (Beginner Guides),14780,2022-08-10,41.37,-23.96,3.62
Zunayed Sabbir Ahmed,"MadMapper Complete Introduction – LED, Projection & Display Mapping | VJ Tips",https://www.youtube.com/watch?v=sltcNtI_kGM,"Beginner Guides (Beginner Guides, 3D Projection Mapping & Calibration, LED Strip Pixel Mapping)",14665,2024-08-09,69.26,20.93,39.21
Matthieu Beghin,MadMapper Laser Vectorization & Video Mapping,https://www.youtube.com/watch?v=dE9QR_WEkhU,Laser Control & Hardware (Laser Control & Hardware),14631,2023-08-10,-50.49,-93.97,-62.61
Phillip Andrews,Madmapper_6b.mp4,https://www.youtube.com/watch?v=dmRpFmwHgyc,"Beginner Guides (Beginner Guides, 3D Projection Mapping & Calibration)",13897,2012-08-12,77.04,-20.53,48.13
VJ Picles,How to Do Projection Mapping Using MadMapper,https://www.youtube.com/watch?v=8Kn7PPMGMfo,"Beginner Guides (Beginner Guides, 3D Projection Mapping & Calibration)",13822,2025-08-09,67.1,-3.85,50.81
MadMapper The Mapping Software,Materials — MADTutorial Basics,https://www.youtube.com/watch?v=3vGJB-Sqz9g,"Beginner Guides (Beginner Guides, Procedural Shaders & ISF Materials)",13448,2017-08-11,-18.14,43.66,-86.47
MadMapper The Mapping Software,First Time in MadMapper,https://www.youtube.com/watch?v=UTMjqw-CFwI,Beginner Guides (Beginner Guides),13439,2025-12-12,63.86,-15.7,-87.94
MadMapper The Mapping Software,Cues: basics #1 store surfaces parameters — MADTutorial Scenes and Cues,https://www.youtube.com/watch?v=FYKppMIdRRw,Beginner Guides (Beginner Guides),13355,2019-08-11,81.21,-70.8,-104.66
Aoshow led,Aoshowled Tutorial: How to use Madmapper software control DMX512 RGB LED Pixel Tape Strip DC24V,https://www.youtube.com/watch?v=R7J3OCNVysM,"LED Strip Pixel Mapping (LED Strip Pixel Mapping, DMX & ArtNet Lighting Output)",13343,2020-08-10,-119.82,-26.83,-2.16
Pangolin Laser Systems,How to use Laser Show Converter Blender | Deep Dive Presented by William Benner,https://www.youtube.com/watch?v=Q4ZUhk0KW14,Laser Control & Hardware (Laser Control & Hardware),13257,2023-08-10,-39.96,-75.65,-76.5
LED Strip Studio,LED pixel mapping in MADMapper using ArtNet and SPI Matrix,https://www.youtube.com/watch?v=eRPrwwef1oY,"LED Strip Pixel Mapping (LED Strip Pixel Mapping, DMX & ArtNet Lighting Output)",13143,2020-08-10,-76.6,-43.53,-2.11
MadMapper The Mapping Software,FX/Effects — MADTutorial Basics,https://www.youtube.com/watch?v=y5l3skuCXf4,"Beginner Guides (Beginner Guides, Procedural Shaders & ISF Materials)",13112,2017-08-11,-6.53,33.15,-97.22
re4ee,How to create AI projection mapping | Tutorial,https://www.youtube.com/watch?v=nxM_yBU43q8,"Beginner Guides (Beginner Guides, Surface Creation & Masking, 3D Projection Mapping & Calibration)",12915,2026-02-10,35.62,-66.02,46.79
Luma Box,Qlab to MadMapper via Syphon Cake Mapping Tutorial (Mac),https://www.youtube.com/watch?v=-XljWaAEeT4,"3D Projection Mapping & Calibration (3D Projection Mapping & Calibration, Syphon, Spout & NDI Video Routing)",12699,2020-08-10,34.86,43.19,57.26
Kat Sullivan,Unreal Engine Tutorial: Spout,https://www.youtube.com/watch?v=d84umxYWqPg,"Syphon, Spout & NDI Video Routing (Syphon, Spout & NDI Video Routing)",12088,2020-08-10,-43.69,61.69,34.05
MIXVIBES,Remixvideo tutorial | Syphon output for mapping & streaming,https://www.youtube.com/watch?v=fubMo8YTTs0,"Syphon, Spout & NDI Video Routing (Syphon, Spout & NDI Video Routing)",11968,2017-08-11,-59.5,65.55,16.44
Aoshow led,Aoshow how to setup Madmapper connection DMX artnet controller work DMX UCS512 RGB LED Pixel Strip,https://www.youtube.com/watch?v=RNyUOOYSc1s,"LED Strip Pixel Mapping (LED Strip Pixel Mapping, DMX & ArtNet Lighting Output)",11823,2020-08-10,-76.58,-58.94,-30.19
MadMapper The Mapping Software,Connect MadMapper to Capture,https://www.youtube.com/watch?v=MNmAJmin_e0,Laser Control & Hardware (Laser Control & Hardware),11765,2022-08-10,-19.4,-84.7,-87.85
한국미디어아트진흥회,MadMapper Tutorial - Lesson 1. Installing MadMapper and Understanding the UI,https://www.youtube.com/watch?v=0bgCXzqz6OM,Beginner Guides (Beginner Guides),11723,2024-08-09,39.34,-8.26,-79.96
Cristhian Lins,Spacial Scanner - Mad Mapper.,https://www.youtube.com/watch?v=4qILXcqdaPs,Spatial Scanner 3D Reconstruction (Spatial Scanner 3D Reconstruction),11621,2014-08-12,17.92,60.71,-21.53
MadMapper The Mapping Software,MadMapper SpeedMapping Niemeyer,https://www.youtube.com/watch?v=ep0GUaZRO1Y,Beginner Guides (Beginner Guides),11553,2017-08-11,18.46,-26.86,-10.18
MadMapper The Mapping Software,MadMapper 5  How to create your account and import a license,https://www.youtube.com/watch?v=4JIn_o5LxY8,Beginner Guides (Beginner Guides),11289,2022-08-10,61.01,-4.2,-0.91
Benjamin Kuperberg,Spout [Syphon on Windows] After Effects Plugin,https://www.youtube.com/watch?v=sx_QCC0Y2Ww,"Syphon, Spout & NDI Video Routing (Syphon, Spout & NDI Video Routing)",11048,2014-08-12,-33.18,94.48,70.3
LED Pixel Lighting Cathy Zhang,How to do led pixel mapping for rotating led pixel tube with Madrix software?,https://www.youtube.com/watch?v=8tUYNDJfNus,LED Strip Pixel Mapping (LED Strip Pixel Mapping),11036,2024-08-09,-110.09,-11.36,41.34
Betty Ye,LED DMX Artnet Controller+600600LED Panel+DMX Scenografix Bar,https://www.youtube.com/watch?v=OgBPgALZPUM,"LED Strip Pixel Mapping (LED Strip Pixel Mapping, DMX & ArtNet Lighting Output)",10816,2016-08-11,-96.25,-27.64,-52.5
MadMapper The Mapping Software,Laser Projector Settings / MadLaser,https://www.youtube.com/watch?v=Nm71P3ghYu0,Laser Control & Hardware (Laser Control & Hardware),10498,2022-08-10,-46.92,-102.54,-38.49
Aidan Lincoln,LED Video Screen - MadMapper DMX Artnet To Teensy and Octo,https://www.youtube.com/watch?v=kbYYC8zcTxE,"LED Strip Pixel Mapping (LED Strip Pixel Mapping, DMX & ArtNet Lighting Output)",10473,2020-08-10,-83.2,-15.3,-34.9
Live Production Mastery,Projection Mapping is Easy! (Learn how Fast - On a Car!),https://www.youtube.com/watch?v=otQlygOaKBw,3D Projection Mapping & Calibration (3D Projection Mapping & Calibration),10423,2023-08-10,29.51,-32.63,76.5
MadMapper The Mapping Software,Leap Motion — MADTutorial Controls,https://www.youtube.com/watch?v=8Uph1eOVTjo,Beginner Guides (Beginner Guides),10207,2018-08-11,80.4,19.23,-44.05
MadMapper The Mapping Software,Cues Scheduler and Automator / MadMapper 4,https://www.youtube.com/watch?v=1qyFNCLmyno,Beginner Guides (Beginner Guides),10083,2020-08-10,61.21,-77.94,-67.29
MadMapper The Mapping Software,Online Materials Library - MADTutorial Basics,https://www.youtube.com/watch?v=KGqoFvPftyE,"Beginner Guides (Beginner Guides, Procedural Shaders & ISF Materials)",10078,2018-08-11,-9.25,31.64,-76.78
Joey Maguire,Madmapper/Madlaser Tutorial (Interactive Laser + Projector),https://www.youtube.com/watch?v=KJWNCobcL70,Laser Control & Hardware (Laser Control & Hardware),9854,2024-08-09,-37.29,-114.64,-58.26
MadMapper The Mapping Software,Mad Projector Control extension,https://www.youtube.com/watch?v=WlB_bH4p7JQ,Beginner Guides (Beginner Guides),9839,2022-08-10,21.33,19.79,-23.47
MadMapper The Mapping Software,Cues: basics #2 store media parameters — MADTutorial Scenes and Cues,https://www.youtube.com/watch?v=vNqwg8o6Siw,Beginner Guides (Beginner Guides),9829,2019-08-11,81.95,-57.64,-112.71
Wicked Lasers,"Demo of MadLaser / MadMapper with LaserCube, quick overview of different features",https://www.youtube.com/watch?v=0b_N45GmLY4,Laser Control & Hardware (Laser Control & Hardware),9813,2022-08-10,-8.75,-101.04,-25.56
p groarke,SimpleOcean Shader Demo,https://www.youtube.com/watch?v=YeeyUybFUvM,Beginner Guides (Beginner Guides),9700,2022-08-10,52.58,-54.12,1.07
Matthieu Beghin,3D Led Setup Demo With MadMapper Material,https://www.youtube.com/watch?v=Deul2yR7nHQ,"3D Projection Mapping & Calibration (3D Projection Mapping & Calibration, LED Strip Pixel Mapping)",9457,2019-08-11,-5.72,-37.08,21.46
Future Media Academy,Videomapping w/ Cinema4D & Madmapper w/ Delta Process,https://www.youtube.com/watch?v=b6kHcan0JE8,Beginner Guides (Beginner Guides),9213,2020-08-10,-9.93,-22.66,-88.38
MadMapper The Mapping Software,Laser Dispatch / MadLaser,https://www.youtube.com/watch?v=5UDzmwZ5Fz8,Laser Control & Hardware (Laser Control & Hardware),9116,2022-08-10,-39.63,-80.55,-45.73
MadMapper The Mapping Software,Bezier MeshWarping part1 / MadMapper 4,https://www.youtube.com/watch?v=1JMNen-HMjY,Surface Creation & Masking (Surface Creation & Masking),9076,2020-08-10,-7.5,-87.06,53.67
HeavyM Software,[HeavyM] Syphon and Spout - Projection mapping tutorial,https://www.youtube.com/watch?v=wAxWi7he26w,"3D Projection Mapping & Calibration (3D Projection Mapping & Calibration, Syphon, Spout & NDI Video Routing)",8879,2017-08-11,20.75,54.16,71.95
RecheTech,Flat 3D Optical Illusion using MadMapper,https://www.youtube.com/watch?v=rpWuFuxvK7o,"Surface Creation & Masking (Surface Creation & Masking, 3D Projection Mapping & Calibration)",8623,2016-08-11,13.78,-83.42,55.57
ProjectileObjects,"Which Live Visuals Software Should You Buy? (Resolume, TouchDesigner, MadMapper, VDMX)",https://www.youtube.com/watch?v=LiBv-KWzibU,Procedural Shaders & ISF Materials (Procedural Shaders & ISF Materials),8605,2025-12-12,-14.16,33.23,-43.59
Fake Edge “Fake Edge”,Sending OBS video streams to VPT8 Video Mapping using Syphon,https://www.youtube.com/watch?v=BH5CsyGJ-4Q,"Syphon, Spout & NDI Video Routing (Syphon, Spout & NDI Video Routing)",8542,2018-08-11,-54.29,112.01,32.75
Acrylicode,"TouchDesigner and Synesthesia | MIDI, OSC, Syphon/Spout",https://www.youtube.com/watch?v=b4SqtQKAm54,"Syphon, Spout & NDI Video Routing (Syphon, Spout & NDI Video Routing)",8122,2022-08-10,-34.27,62.97,9.03
Benjamin Kuperberg,Spout [Syphon on Windows] Unity Receiver Demo,https://www.youtube.com/watch?v=mBqQIKJ_E9M,"Syphon, Spout & NDI Video Routing (Syphon, Spout & NDI Video Routing)",8034,2014-08-12,-43.07,73.35,75.47
Matthieu Beghin,MadMapper 3.0.0 running DMX/LED Output on a 120$ PC (Led by GarageCube),https://www.youtube.com/watch?v=tTxXNfGF_A8,"LED Strip Pixel Mapping (LED Strip Pixel Mapping, DMX & ArtNet Lighting Output)",8014,2017-08-11,-98.73,1.11,-41.32
ProjectileObjects,Quick Madmapper NDI tutorial live video over ethernet Mac to PC to Mac,https://www.youtube.com/watch?v=fWykqNJI1yU,"Syphon, Spout & NDI Video Routing (Syphon, Spout & NDI Video Routing)",7975,2019-08-11,-73.02,90.73,23.78
MadMapper The Mapping Software,A-B Mixing — MADTutorial Advanced,https://www.youtube.com/watch?v=YjOtiUfE8lU,Beginner Guides (Beginner Guides),7684,2018-08-11,85.78,11.91,-16.68
Phillip Andrews,Madmapper cues and overview for projection mapping,https://www.youtube.com/watch?v=D_5QlrsBp-o,3D Projection Mapping & Calibration (3D Projection Mapping & Calibration),7555,2019-08-11,18.24,-32.5,47.94
Phillip Andrews,TRS projection mapping tutorial with Madmapper,https://www.youtube.com/watch?v=9u8CgYn6XJ4,3D Projection Mapping & Calibration (3D Projection Mapping & Calibration),7413,2013-08-12,7.02,-15.44,85.36
OFF WORLD LIVE,How to install the Spout plugin for OBS Studio using the zip folder,https://www.youtube.com/watch?v=KA-zhxN2L4U,"Syphon, Spout & NDI Video Routing (Syphon, Spout & NDI Video Routing)",6865,2022-08-10,-41.14,114.92,58.43
MadMapper The Mapping Software,Update Surfaces Geometry in multiple Scenes or Cues  / MadMapper 4,https://www.youtube.com/watch?v=Mfakpn3jy_U,Beginner Guides (Beginner Guides),6862,2020-08-10,92.81,-70.38,-79.52
MadMapper The Mapping Software,Artificial intelligence now in MadMapper !,https://www.youtube.com/watch?v=nA_oM8N7Mxw,Procedural Shaders & ISF Materials (Procedural Shaders & ISF Materials),6826,2025-08-09,-21.13,55.68,-56.43
Raphael Kurig,Stacking 3 Projectors with MadMapper MacBookPro Retina,https://www.youtube.com/watch?v=ftDDE2am7f0,Beginner Guides (Beginner Guides),6821,2013-08-12,33.04,-74.4,-86.3
TMK Interactive,Sharing Video Streams BETWEEN APPLICATIONS. (Syphon and Spout),https://www.youtube.com/watch?v=mSYbghpzpVY,"Syphon, Spout & NDI Video Routing (Syphon, Spout & NDI Video Routing)",6680,2021-08-10,-36.32,104.38,17.77
MadMapper The Mapping Software,Material Editor -- MADTutorial Advanced,https://www.youtube.com/watch?v=UCnxYCFVrZw,Beginner Guides (Beginner Guides),6617,2018-08-11,100.05,25.62,-16.55
YouBek Tech,First Time in MadMapper? Full Overview & Why Everyone Uses It,https://www.youtube.com/watch?v=JowMCDDg7Xc,Beginner Guides (Beginner Guides),6583,2026-05-11,81.91,-9.71,-100.2
Creater Pro,MadLaser (Mapping+Laser),https://www.youtube.com/watch?v=y9v-6oDn1LE,Laser Control & Hardware (Laser Control & Hardware),6536,2023-08-10,-25.09,-100.33,-41.61
1000 Fallens Suns,"""LED Mapping с помощью MadMapper в программе Modul8"" / Work with LED light in Modul8 and MadMapper.",https://www.youtube.com/watch?v=dslH0owMcnE,LED Strip Pixel Mapping (LED Strip Pixel Mapping),6509,2013-08-12,-70.74,-20.8,83.63
ArKaos,Tutorial GrandVJ NDI in- and outputs,https://www.youtube.com/watch?v=DcCknON2bMo,"Syphon, Spout & NDI Video Routing (Syphon, Spout & NDI Video Routing)",6160,2020-08-10,-49.62,86.21,6.81
MadMapper The Mapping Software,Playstation Controller — MADTutorial Controls,https://www.youtube.com/watch?v=-e79AUl1XjU,Beginner Guides (Beginner Guides),5943,2018-08-11,91.52,31.56,-50.17
LED Strip Studio,How to connect LED pixel controller to MadMapper,https://www.youtube.com/watch?v=Hzd6hb3fAJw,LED Strip Pixel Mapping (LED Strip Pixel Mapping),5755,2024-08-09,-93.84,-24.45,46.45
Blackout Lighting Console,Blackout Breakdowns: Pixel Mapping with DMX Input,https://www.youtube.com/watch?v=4M3pyZQjMDw,"LED Strip Pixel Mapping (LED Strip Pixel Mapping, DMX & ArtNet Lighting Output)",5728,2025-08-09,-76.24,7.69,-26.95
Jude,MadMapper Tutorial 2025 For Beginners,https://www.youtube.com/watch?v=wbTxMrXAweU,Beginner Guides (Beginner Guides),5667,2025-09-13,28.12,0.79,-52.5
MadMapper The Mapping Software,Connect MadMapper to AVB Lasers,https://www.youtube.com/watch?v=fjO17HzYIUk,Laser Control & Hardware (Laser Control & Hardware),5659,2022-08-10,-2.92,-98.41,-75.48
Wayna Brossas,Madmapper Wifi Led Matrix Ws2812b Esp8266 Artnet,https://www.youtube.com/watch?v=kqBOHhNH4FE,"LED Strip Pixel Mapping (LED Strip Pixel Mapping, DMX & ArtNet Lighting Output)",5599,2018-08-11,-59.56,-33.54,9.1
audiovisualacademy,Программы - MadMapper - введение,https://www.youtube.com/watch?v=YhxyePBjXuE,Beginner Guides (Beginner Guides),5588,2012-08-12,48.55,-11.36,-40.86
Victor Hugo Jimenez,LED CONTROL-MAD MAPPER,https://www.youtube.com/watch?v=-uUClZU-oTw,"LED Strip Pixel Mapping (LED Strip Pixel Mapping, DMX & ArtNet Lighting Output)",5527,2014-08-12,-78.75,-18.64,6.35
Matthieu Beghin,MadMapper 5 MIDI Timecode (MTC) for movie playback,https://www.youtube.com/watch?v=Aq2_dJy-MwY,Beginner Guides (Beginner Guides),5522,2023-08-10,45.71,-33.89,-74.71
MadMapper The Mapping Software,TranformMatrix FX / MadMapper 4,https://www.youtube.com/watch?v=jBUUjIe_IpU,Beginner Guides (Beginner Guides),5517,2020-08-10,38.49,-44.74,-49.24
MadMapper The Mapping Software,DMX: One LED Strip,https://www.youtube.com/watch?v=HexLGurj7tw,"LED Strip Pixel Mapping (LED Strip Pixel Mapping, DMX & ArtNet Lighting Output)",5390,2025-12-12,-88.85,-8.93,-14.39
Aoshow led,Madmapper software - artnet controller- SPI rigid video led pixel bar WS2811 UCS1903 DMX512 RGB,https://www.youtube.com/watch?v=PjGs4hTAsgY,"LED Strip Pixel Mapping (LED Strip Pixel Mapping, DMX & ArtNet Lighting Output)",5298,2020-08-10,-89.14,-69.47,-2.59
Matthieu Beghin,Dispatching over multiple laser projectors with MadLaser (MadMapper),https://www.youtube.com/watch?v=wK4G3BtvF70,Laser Control & Hardware (Laser Control & Hardware),5269,2022-08-10,-20.38,-113.8,-75.57
MadMapper The Mapping Software,TransformParticles FX / MadMapper 4,https://www.youtube.com/watch?v=8U77zfj3gXc,Beginner Guides (Beginner Guides),5251,2020-08-10,52.2,-52.87,-52.6
weasis,Spatial Calibration,https://www.youtube.com/watch?v=v8CgcpYT1r8,3D Projection Mapping & Calibration (3D Projection Mapping & Calibration),5250,2012-08-12,7.07,8.07,34.82
Laserworld,MadLaser with Laser - how to connect a Laser with ShowNET mainboard to MadMapper's MadLaser,https://www.youtube.com/watch?v=BRMrthPlDO8,Laser Control & Hardware (Laser Control & Hardware),5198,2022-08-10,-11.26,-116.05,-52.35
MadMapper The Mapping Software,MadLight Recorder / MadMapper 4,https://www.youtube.com/watch?v=VgsPmvxLW_k,"LED Strip Pixel Mapping (LED Strip Pixel Mapping, DMX & ArtNet Lighting Output)",5069,2020-08-10,-82.03,6.21,3.51
MadMapper The Mapping Software,Timeline: Scenes and Cues and animation,https://www.youtube.com/watch?v=g96jAjc1vFM,Beginner Guides (Beginner Guides),4852,2025-12-12,85.4,-49.1,-79.8
DiGidot Technologies,Generating pixel controlled LED scenes with DiGidot and Madmapper,https://www.youtube.com/watch?v=68dku6fiBdk,LED Strip Pixel Mapping (LED Strip Pixel Mapping),4812,2024-08-09,-83.11,-18.24,63.27
jolephoto,Wireless Spatial Scanner for MadMapper,https://www.youtube.com/watch?v=dtXDwxVTCrY,"Spatial Scanner 3D Reconstruction (Spatial Scanner 3D Reconstruction, Syphon, Spout & NDI Video Routing)",4445,2013-08-12,7.46,95.28,-19.54
Wicked Lasers,How to use MadMapper and NDI Video Mapping with LaserOS,https://www.youtube.com/watch?v=JaueULO_aNA,"Syphon, Spout & NDI Video Routing (Syphon, Spout & NDI Video Routing)",4217,2021-08-10,-51.73,87.55,31.71
Resolume VJ Software,Resolume Arena Tutorial - Syphon,https://www.youtube.com/watch?v=kGqTF32cKRE,"Syphon, Spout & NDI Video Routing (Syphon, Spout & NDI Video Routing)",4192,2025-08-09,-64.34,70.42,43.38
Matthieu Beghin,Ponk Demo with Touch Designer & MadMapper / MadLaser,https://www.youtube.com/watch?v=VmzsDqeO2RQ,Laser Control & Hardware (Laser Control & Hardware),4077,2023-08-10,-17.03,-78.47,-39.7
TECHLIFE LAB,ScreenCaptureSyphon,https://www.youtube.com/watch?v=yQLmxO_eEjU,"Syphon, Spout & NDI Video Routing (Syphon, Spout & NDI Video Routing)",4057,2016-08-11,-33.76,97.46,42.82
HeavyM Software,[HeavyM Tutorial] - How to assemble the Olga kit #1 - The square pattern,https://www.youtube.com/watch?v=mYuG5S1pWMg,Beginner Guides (Beginner Guides),3898,2018-08-11,71.21,38.71,-99.49
Zunayed Sabbir Ahmed,MAD Laser with Depence (Bonus: MadAI!)| #madmapper #depence #laser,https://www.youtube.com/watch?v=HezpKPVxVp0,Laser Control & Hardware (Laser Control & Hardware),3791,2025-12-12,-27.28,-64.18,-58.47
HeavyM Software,[HeavyM] Tutoriel Fr - Syphon et Spout,https://www.youtube.com/watch?v=TRTHlIiqCE4,"Syphon, Spout & NDI Video Routing (Syphon, Spout & NDI Video Routing)",3745,2017-08-11,-11.75,74.73,21.7
Mitsuru Takeuchi,MadMapperのspecialscannerからマスクを作成するまで,https://www.youtube.com/watch?v=K1dhkCv7n5k,Spatial Scanner 3D Reconstruction (Spatial Scanner 3D Reconstruction),3667,2012-08-12,16.99,80.22,-34.44
HeavyM Software,[HeavyM Tutorial] - How to assemble the Olga kit #2 - The kite pattern,https://www.youtube.com/watch?v=QPnbTr80f6M,Beginner Guides (Beginner Guides),3535,2018-08-11,84.18,33.62,-97.46
Aoshow led,Aoshow Madmapper software control - Artnet controller- work WS2811 SPI RGB LED Pixel Strip DJ Music,https://www.youtube.com/watch?v=Sz1ARm0ECO4,"LED Strip Pixel Mapping (LED Strip Pixel Mapping, DMX & ArtNet Lighting Output)",3490,2020-08-10,-68.49,-67.19,-6.71
찬기누설,[Projection Mapping] Share screen plugins - Spout & Syphon,https://www.youtube.com/watch?v=So59wXEhq40,"3D Projection Mapping & Calibration (3D Projection Mapping & Calibration, Syphon, Spout & NDI Video Routing)",3360,2019-08-11,38.89,56.99,76.33
Etowner,Setting up Spout in Processing How to,https://www.youtube.com/watch?v=RdcEeH_tfRM,"Procedural Shaders & ISF Materials (Procedural Shaders & ISF Materials, Syphon, Spout & NDI Video Routing)",3323,2016-08-11,-43.14,61.68,-50.63
Etowner,Free Spout Recorder for Windows,https://www.youtube.com/watch?v=AgM7MXLAEUk,"Syphon, Spout & NDI Video Routing (Syphon, Spout & NDI Video Routing)",3248,2019-08-11,-14.15,103.14,58.1
Pixel bar Jack,"DMX 3D metro tubes support Madmapper, Madrix,Arena Resolume, Avolites, Arkaos etc.",https://www.youtube.com/watch?v=0FlUUZRLHUQ,"3D Projection Mapping & Calibration (3D Projection Mapping & Calibration, DMX & ArtNet Lighting Output)",3177,2022-08-10,-40.44,16.38,43.2
Magic Music Visuals,Magic 2.5 Tutorial: Easily create visuals and effects with AI Prompting!,https://www.youtube.com/watch?v=O54vEDeNgoU,Procedural Shaders & ISF Materials (Procedural Shaders & ISF Materials),3150,2026-04-11,-43.23,30.48,-78.81
Zunayed Sabbir Ahmed,Lighting with MadMapper to Visualize in Depence 3 | #madmapper #depence #visualizer,https://www.youtube.com/watch?v=OrKIYjOtSq4,LED Strip Pixel Mapping (LED Strip Pixel Mapping),3083,2025-11-12,-77.3,17.48,36.99
Wicked Lasers,MadMapper / MadLaser is compatible with WiFi LaserCube,https://www.youtube.com/watch?v=1mPq11WoOCw,Laser Control & Hardware (Laser Control & Hardware),2986,2022-08-10,-28.36,-120.0,-32.42
Zunayed Sabbir Ahmed,"MadMapper 6: What’s New, What’s Different, and Why It Changed My Workflow!",https://www.youtube.com/watch?v=VX1KA4cUuHI,3D Projection Mapping & Calibration (3D Projection Mapping & Calibration),2913,2026-01-11,-20.07,-49.9,81.78
MadMapper The Mapping Software,Timeline: Audio Tracks,https://www.youtube.com/watch?v=LcpOYtUrqrM,Beginner Guides (Beginner Guides),2901,2025-12-12,68.45,-43.34,-72.69
Matthieu Beghin,MadMapper Sending Text String through OSC,https://www.youtube.com/watch?v=QJKAfkU9FXs,Beginner Guides (Beginner Guides),2877,2022-08-10,48.45,-49.77,-100.58
Matthieu Beghin,MadMapper 6 DMX & Timeline Demo,https://www.youtube.com/watch?v=Zqzs5JVzs20,DMX & ArtNet Lighting Output (DMX & ArtNet Lighting Output),2858,2025-12-12,-88.91,-6.45,-103.98
vmmx community,MADMAPPER load project visualization of THE FIRST LED Mapping Tournament in THE WORLD,https://www.youtube.com/watch?v=Rcgjzs_VXEE,LED Strip Pixel Mapping (LED Strip Pixel Mapping),2836,2018-08-11,-115.17,7.4,63.93
MadMapper The Mapping Software,ColorMod using HeatMap FX / MadMapper 4,https://www.youtube.com/watch?v=2csGLrsLkoE,LED Strip Pixel Mapping (LED Strip Pixel Mapping),2773,2020-08-10,-73.42,0.38,59.33
Gnomalab Estudio,Touchdesigner FX server to VDMX via Syphon or Spout,https://www.youtube.com/watch?v=862ebR0Iczs,"Syphon, Spout & NDI Video Routing (Syphon, Spout & NDI Video Routing)",2614,2018-08-11,-12.45,99.03,27.75
Monsuton,Spacial Scanner,https://www.youtube.com/watch?v=MUxVSu1aRvQ,Spatial Scanner 3D Reconstruction (Spatial Scanner 3D Reconstruction),2374,2015-08-12,18.85,78.67,-7.52
pixelkulisse,wireless syphon stream pixelmapping to a raspberry pi,https://www.youtube.com/watch?v=nrl_D6ipTGk,"LED Strip Pixel Mapping (LED Strip Pixel Mapping, Syphon, Spout & NDI Video Routing)",2371,2019-08-11,-87.23,20.21,71.75
WayneSablesProject,What is Syphon,https://www.youtube.com/watch?v=tlGJUbU28jc,"Beginner Guides (Beginner Guides, 3D Projection Mapping & Calibration, Syphon, Spout & NDI Video Routing)",2367,2023-08-10,14.47,84.75,65.14
Matthieu Beghin,MadMapper Laser Visualization,https://www.youtube.com/watch?v=CZmIfNbzKq0,Laser Control & Hardware (Laser Control & Hardware),2350,2022-08-10,-25.86,-91.87,-63.31
MadMapper The Mapping Software,Use AI to generate a Laser Material,https://www.youtube.com/watch?v=KTkepMgTTGU,"Procedural Shaders & ISF Materials (Procedural Shaders & ISF Materials, Laser Control & Hardware)",2291,2025-08-09,-30.42,13.4,-64.5
Chris Monson,Pixel Mapping Tutorial 2 - DMX,https://www.youtube.com/watch?v=68IhZl6ZHGY,"LED Strip Pixel Mapping (LED Strip Pixel Mapping, DMX & ArtNet Lighting Output)",2240,2019-08-11,-91.42,-27.04,-10.29
test card,Unboxing and Setup Garage Cube's Led bar,https://www.youtube.com/watch?v=pv1S0F_K7go,LED Strip Pixel Mapping (LED Strip Pixel Mapping),2235,2019-08-11,-97.06,-31.56,73.95
CETI,Augmenting the World with Light: Projection Mapping with MadMapper - Sarah Turner [Original Stream],https://www.youtube.com/watch?v=h4JTcLqz7DU,"Beginner Guides (Beginner Guides, 3D Projection Mapping & Calibration)",2224,2022-08-10,63.65,-9.64,93.57
Pixel bar Jack,Showjockey RGB Pixel strip and pixel ball Matrix Madmapper Resolume dmx lights dmx DMX512 Artnet Box,https://www.youtube.com/watch?v=IbhTPxAMq1g,DMX & ArtNet Lighting Output (DMX & ArtNet Lighting Output),2196,2023-08-10,-70.5,-1.39,-71.73
TECHLIFE LAB,TCPSyphon supports TurboJpeg,https://www.youtube.com/watch?v=tGtZgI3nuAo,Beginner Guides (Beginner Guides),2146,2015-08-12,102.74,-0.39,-59.55
Matthieu Beghin,Chase Effect on triangles with MadMapper 3,https://www.youtube.com/watch?v=pqHkzVKPxgM,Beginner Guides (Beginner Guides),2009,2018-08-11,14.72,-65.24,-35.2
The Interactive & Immersive HQ,Projection Mapping with TouchDesigner & MadMapper,https://www.youtube.com/watch?v=PPPJjckYifY,3D Projection Mapping & Calibration (3D Projection Mapping & Calibration),1891,2026-07-19,-12.85,-23.46,76.92
Cool Purple Media,How To Adjust Letter Spacing In Canva | Canva Tutorial,https://www.youtube.com/watch?v=cTtPj45x2Rs,Beginner Guides (Beginner Guides),1842,2023-08-10,14.82,-1.62,-99.63
Simplement Antho • Replay,Immersive Garden | Artisans d'idées | threejs - webgl - awwwards,https://www.youtube.com/watch?v=rr7p4dPfloc,Beginner Guides (Beginner Guides),1819,2022-08-10,98.03,-34.03,-1.66
Zunayed Sabbir Ahmed,Projection Mapping with MadMapper and Depence | Basic to Advanced Level | #madmapper #depence,https://www.youtube.com/watch?v=EpEJ0ObQ1_Q,3D Projection Mapping & Calibration (3D Projection Mapping & Calibration),1740,2026-01-11,-35.98,-31.32,64.18
Aoshow led,"Aoshowled@ LED Pixel Mapping Bar DIY Hexagon Shape, Madmapper software, PSAC Box Controller",https://www.youtube.com/watch?v=8cWV2_moqzQ,LED Strip Pixel Mapping (LED Strip Pixel Mapping),1731,2022-08-10,-112.87,-35.12,52.45
Giancarlo Vannetti,GV:  MAD LASER & MASK OUTPUTS,https://www.youtube.com/watch?v=j34P-tJVy9I,"Surface Creation & Masking (Surface Creation & Masking, Laser Control & Hardware)",1713,2022-08-10,-2.78,-107.4,16.95
Giancarlo Vannetti,NDI MAD MAPPER & CAPTURE 2022,https://www.youtube.com/watch?v=osoRFzHqfnQ,"Syphon, Spout & NDI Video Routing (Syphon, Spout & NDI Video Routing)",1670,2022-08-10,-58.15,92.83,57.73
LED Pixel Lighting Cathy Zhang,How to do Madmapper Pixel mapping program for DMX rotation led tube,https://www.youtube.com/watch?v=iuJgPBaFpoc,"LED Strip Pixel Mapping (LED Strip Pixel Mapping, DMX & ArtNet Lighting Output)",1496,2024-08-09,-98.5,-45.85,-13.63
lizzie hawes,Mask in Madmapper,https://www.youtube.com/watch?v=b1dUETN9n0I,Surface Creation & Masking (Surface Creation & Masking),1480,2015-08-12,1.36,-94.23,34.74
WayneSablesProject,Syphon Synesthesia into HeavyM,https://www.youtube.com/watch?v=ss14D4Hfm88,"Beginner Guides (Beginner Guides, 3D Projection Mapping & Calibration, Syphon, Spout & NDI Video Routing)",1455,2023-08-10,18.03,87.42,49.1
Joey Maguire,Virtual 3D Projection Map with Madmapper,https://www.youtube.com/watch?v=opRrqzuN-Rg,"3D Projection Mapping & Calibration (3D Projection Mapping & Calibration, Procedural Shaders & ISF Materials)",1398,2021-08-10,-28.47,6.12,6.97
Matthieu Beghin,Mapping 3D Cube with a Video Loopback in MadMapper,https://www.youtube.com/watch?v=zJA3Xq-Gtlc,3D Projection Mapping & Calibration (3D Projection Mapping & Calibration),1349,2023-08-10,-12.47,16.47,49.18
Thomas Tucker,Robot Projection Mapping Test Using MadMapper Spacial Scanner Tool and MAX Trigger,https://www.youtube.com/watch?v=hry55pKnb2U,"3D Projection Mapping & Calibration (3D Projection Mapping & Calibration, Spatial Scanner 3D Reconstruction)",1329,2016-08-11,8.63,29.3,21.83
Pixel bar Jack,How to control Showjockey's DMX RGB Pixel tubes with Software （madmapper）DMX Lighting Tutorial,https://www.youtube.com/watch?v=l0-zXGiU1mE,DMX & ArtNet Lighting Output (DMX & ArtNet Lighting Output),1281,2022-08-10,-64.22,-17.52,-84.69
Aoshow led,"Aoshowled@ LED Visual Arts Madmapper Pixel Mapping DMX512 Pixel 360 Tube, Artnet, LED Pixels, DMX",https://www.youtube.com/watch?v=fA-3De7Gw6Q,"LED Strip Pixel Mapping (LED Strip Pixel Mapping, DMX & ArtNet Lighting Output)",1268,2021-08-10,-118.54,-43.13,-21.81
luiscript,MadMapper 3.0: editor de materiales + datos OSC desde Ableton live,https://www.youtube.com/watch?v=upAHYU8vw6A,Beginner Guides (Beginner Guides),1216,2018-08-11,52.0,-99.99,-30.87
Associazione Mute,spacial scanner test1,https://www.youtube.com/watch?v=I4ZPDUnXHpA,Spatial Scanner 3D Reconstruction (Spatial Scanner 3D Reconstruction),1207,2013-08-12,18.85,78.67,-7.52
Pixel bar Jack,How to control Showjockey's Artnet DMX controller with Madmapper,https://www.youtube.com/watch?v=9CDUNo9Z-5c,DMX & ArtNet Lighting Output (DMX & ArtNet Lighting Output),1150,2022-08-10,-69.73,-0.25,-96.81
domeprojection.com,Calibrate a projection system using multiple camera positions,https://www.youtube.com/watch?v=4OoXTy7xJrk,Beginner Guides (Beginner Guides),1097,2020-08-10,120.0,-6.3,-16.28
CETI,Augmenting the World with Light: Projection Mapping with MadMapper - Sarah Turner,https://www.youtube.com/watch?v=n9ig5gGm4SI,"Beginner Guides (Beginner Guides, 3D Projection Mapping & Calibration)",1061,2022-08-10,67.98,3.14,86.14
Phillip Andrews,Warp Speed projection with Madmapper,https://www.youtube.com/watch?v=VJmRfSBcS7Q,3D Projection Mapping & Calibration (3D Projection Mapping & Calibration),1041,2018-08-11,-7.43,-39.5,54.48
Matthieu Beghin,MadMapper Laser Visualization with WYSIWYG,https://www.youtube.com/watch?v=Zk8XHh8wNNc,Laser Control & Hardware (Laser Control & Hardware),1021,2022-08-10,-25.86,-91.87,-63.31
Malaikaaa,The basics on how to map on madmapper,https://www.youtube.com/watch?v=L4jg7xQyin4,Beginner Guides (Beginner Guides),1015,2025-08-09,5.05,-7.04,-26.31
Aoshow led,PSAC Artnet DMX box work with Madrix/Resolume/Madmapper/Touchdesigner/Avolites/ GrandMA2/Onyx/MagicQ,https://www.youtube.com/watch?v=TJUMZFCXwfk,"LED Strip Pixel Mapping (LED Strip Pixel Mapping, DMX & ArtNet Lighting Output)",998,2023-08-10,-80.31,-51.0,-59.51
academicVids,Exportar video de MadMapper,https://www.youtube.com/watch?v=hwBBpezOcoI,"Syphon, Spout & NDI Video Routing (Syphon, Spout & NDI Video Routing)",994,2020-08-10,-32.95,80.63,26.55
Pixel bar Jack,How to use madmapper to control showjockey's Artnet controller，control the dmx tubes，led mapping,https://www.youtube.com/watch?v=EYssjTbSfnE,"LED Strip Pixel Mapping (LED Strip Pixel Mapping, DMX & ArtNet Lighting Output)",948,2022-08-10,-60.31,-13.48,-35.88
lofi beats to study to,Tutorial ISF shaders using jit.gl.isf,https://www.youtube.com/watch?v=_KG_t4VadK4,Procedural Shaders & ISF Materials (Procedural Shaders & ISF Materials),888,2024-08-09,-33.59,45.05,-37.91
kiyo | AR Interactive Engineer,【DEMO】HTC VIVE Lighthouse + Unity + MadMapper  Invisible Art Demo,https://www.youtube.com/watch?v=tcxcgzTCqa4,Beginner Guides (Beginner Guides),880,2018-08-11,32.66,-70.18,-11.47
AsifXMedia,MADMAPPER-PROJUCTION MAPING ON SHAPES,https://www.youtube.com/watch?v=EAMQ19aonzQ,Beginner Guides (Beginner Guides),854,2021-08-10,16.22,-38.19,-37.16
Matthieu Beghin,Tweaking a Surface FX in MadMapper,https://www.youtube.com/watch?v=UOo8gEfHv3Q,"Surface Creation & Masking (Surface Creation & Masking, Procedural Shaders & ISF Materials)",844,2023-08-10,-20.44,-95.97,34.52
MadMapper The Mapping Software,[recode]  L'Orbite /  De Willis,https://www.youtube.com/watch?v=2KxucRuuDUo,Beginner Guides (Beginner Guides),766,2021-08-10,87.07,-17.28,-30.3
Joey Maguire,LED Geo Dome [Garagecube + Build with Hubs] 1/2,https://www.youtube.com/watch?v=mGKQwzfRkfo,LED Strip Pixel Mapping (LED Strip Pixel Mapping),754,2021-08-10,-79.49,-39.51,57.13
Aperio Insights,Projection Mapping Project04 Special Scan+Calibration,https://www.youtube.com/watch?v=YwMQmalQuqk,3D Projection Mapping & Calibration (3D Projection Mapping & Calibration),738,2018-08-11,27.0,-8.16,40.41
Jimmy,MadMapper Pixel Mapping in QLC+,https://www.youtube.com/watch?v=Ck0AGx0tHEo,LED Strip Pixel Mapping (LED Strip Pixel Mapping),718,2020-08-10,-93.24,-3.44,58.29
SONA LIGHTING LTD.,ArtNET/Kling-net/dmx led pixel mapping strips,https://www.youtube.com/watch?v=xMTCNbxmvaY,"LED Strip Pixel Mapping (LED Strip Pixel Mapping, DMX & ArtNet Lighting Output)",716,2019-08-11,-98.44,-34.35,9.8
Tina John,I Taught Myself Projection Mapping | MadMapper Experiment,https://www.youtube.com/watch?v=7iUAQs2sGK0,3D Projection Mapping & Calibration (3D Projection Mapping & Calibration),696,2026-01-11,7.22,-21.98,65.07
EboSuite,EboSuite Quick-tip - How to use ISF in EboSuite,https://www.youtube.com/watch?v=wdWbtqTW5Cs,Procedural Shaders & ISF Materials (Procedural Shaders & ISF Materials),693,2020-08-10,-38.29,23.19,-41.64
Pixel bar Jack,How to set the madmapper with showjockey‘s DMX tube,https://www.youtube.com/watch?v=rOfSFY4BEm0,DMX & ArtNet Lighting Output (DMX & ArtNet Lighting Output),674,2022-08-10,-86.62,4.12,-84.88
Games Garden,Chrome shader demo - Unity3D,https://www.youtube.com/watch?v=j9h5yBCYSC8,Surface Creation & Masking (Surface Creation & Masking),648,2022-08-10,7.3,-84.71,15.79
Giancarlo Vannetti,MAD MAPPER+CAPTURE 2022 NDI    = ),https://www.youtube.com/watch?v=1acdx7Mq5s4,"Syphon, Spout & NDI Video Routing (Syphon, Spout & NDI Video Routing)",640,2022-08-10,-58.15,92.83,57.73
-STFU-,3D Mapping MadMapper Modul8 Lumen,https://www.youtube.com/watch?v=EwNNYcci5WY,3D Projection Mapping & Calibration (3D Projection Mapping & Calibration),593,2017-08-11,4.61,-16.46,33.06
LY'sPastfolio,Projection mapping (cube),https://www.youtube.com/watch?v=jZ4a31O9U4Q,3D Projection Mapping & Calibration (3D Projection Mapping & Calibration),544,2023-08-10,4.19,19.06,60.49
Sportske Patike Balkan Gameplays,Projection Mapping for beginners using MadMapper 3 - learn Other IT & Software,https://www.youtube.com/watch?v=1yNxh_3O4B4,3D Projection Mapping & Calibration (3D Projection Mapping & Calibration),539,2022-08-10,28.09,-18.03,98.53
THETECHTHEATERSHOP,MADMAPPER DEMO,https://www.youtube.com/watch?v=ojgKM2nGqkI,Beginner Guides (Beginner Guides),538,2020-08-10,39.71,-50.71,-17.9
Mechaphoton,Led spatial scanner,https://www.youtube.com/watch?v=Moddf5Yxqpo,"Spatial Scanner 3D Reconstruction (Spatial Scanner 3D Reconstruction, LED Strip Pixel Mapping)",530,2018-08-11,34.77,73.54,-26.3
Videosolid,Syphon Two Mac on WiFi Mode Jitnet+Syphon,https://www.youtube.com/watch?v=AMJuPYfVVZE,"Syphon, Spout & NDI Video Routing (Syphon, Spout & NDI Video Routing)",506,2015-08-12,-24.91,87.82,3.49
SRWorks,Vive SRWorks - Spatial Scan,https://www.youtube.com/watch?v=dVpEOPaVFdc,Beginner Guides (Beginner Guides),493,2020-08-10,41.83,51.78,-74.41
EboSuite,05 - The eISF plug-in,https://www.youtube.com/watch?v=ubohGqThesg,Procedural Shaders & ISF Materials (Procedural Shaders & ISF Materials),490,2021-08-10,-29.61,36.36,-60.69
Introdução ao Video Mapping com MadMapper,Tutorial MadMapper 1 - Interface básica,https://www.youtube.com/watch?v=o39f3aOTFsk,Beginner Guides (Beginner Guides),472,2018-08-11,31.63,19.76,-78.0
Zunayed Sabbir Ahmed,"MadMapper 6 Masterclass — Full Course Overview (Projection Mapping, Lights & Lasers)",https://www.youtube.com/watch?v=7O4Tmws38hY,"Beginner Guides (Beginner Guides, 3D Projection Mapping & Calibration, LED Strip Pixel Mapping)",464,2026-07-26,77.13,18.36,57.41
91dawid,Madmapper space cubes,https://www.youtube.com/watch?v=06-pbv9Mz-U,Beginner Guides (Beginner Guides),455,2017-08-11,15.82,-41.37,-101.04
Clen led_stage lighting,MadMapper connection controller,https://www.youtube.com/watch?v=e7KDEYVPapo,"LED Strip Pixel Mapping (LED Strip Pixel Mapping, DMX & ArtNet Lighting Output)",419,2024-08-09,-82.37,-38.88,-29.52
JLewVisuials,3D model to demonstrate how 3D objects work inside MadMapper.,https://www.youtube.com/watch?v=-f8o-EXdIcI,"3D Projection Mapping & Calibration (3D Projection Mapping & Calibration, Procedural Shaders & ISF Materials)",404,2026-01-11,-12.27,6.57,4.34
Jay Em,MAPPING TEST.  RESOLUME/HEAVYM/SYPHON-SPOUT,https://www.youtube.com/watch?v=_t7T6j1zhUg,"Syphon, Spout & NDI Video Routing (Syphon, Spout & NDI Video Routing)",394,2017-08-11,-16.99,78.94,47.29
Julia zhu,Madmapper Control with  Artnet Controller,https://www.youtube.com/watch?v=ca3au5K7L00,"LED Strip Pixel Mapping (LED Strip Pixel Mapping, DMX & ArtNet Lighting Output)",392,2022-08-10,-71.12,-26.18,-18.59
Aoshow led,How to setup Madmapper connect PSAC2 box(Power +Artnet Controller)control WS2812B LED Pixel Bar Tube,https://www.youtube.com/watch?v=3FuJqzdt2os,"LED Strip Pixel Mapping (LED Strip Pixel Mapping, DMX & ArtNet Lighting Output)",389,2022-08-10,-53.03,-45.53,-20.41
Pablo Garrido,Mapping Fluid WebgL Syphon Firefox Resolume,https://www.youtube.com/watch?v=L5861jvmKr8,"Syphon, Spout & NDI Video Routing (Syphon, Spout & NDI Video Routing)",383,2015-08-12,-22.17,56.59,33.49
Pablo Garrido,tcpsyphon a tcpspout,https://www.youtube.com/watch?v=DvEWWmBusUI,Beginner Guides (Beginner Guides),379,2015-08-12,104.21,-17.85,-72.03
academicVids,Grabar la salida de MadMapper con OBS-Studio,https://www.youtube.com/watch?v=xSDyZLroIes,"Syphon, Spout & NDI Video Routing (Syphon, Spout & NDI Video Routing)",379,2021-08-10,-25.94,120.0,36.98
Pixel bar Jack,Showjockey Artnet to DMX box Artnetnode DMX LED controller compatible with Madmapper Madrix Resolume,https://www.youtube.com/watch?v=jgzal_B5W3w,"LED Strip Pixel Mapping (LED Strip Pixel Mapping, DMX & ArtNet Lighting Output)",372,2024-08-09,-70.91,-30.58,-51.32
Spatial Acuity,Laser Scan to Mesh | Projection Mapping | Spatial Acuity,https://www.youtube.com/watch?v=ACuGmptlJ3M,"Surface Creation & Masking (Surface Creation & Masking, 3D Projection Mapping & Calibration, Laser Control & Hardware)",364,2019-08-11,17.68,-108.63,25.63
3Dmotion Experiencia interactivas,MADMAPPER load project,https://www.youtube.com/watch?v=HBSGQYV8rTM,LED Strip Pixel Mapping (LED Strip Pixel Mapping),362,2018-08-11,-102.49,11.96,45.95
SONA LIGHTING LTD.,Artnet (madrix /dmx) pixel led bar,https://www.youtube.com/watch?v=sgJ324WNjMU,"LED Strip Pixel Mapping (LED Strip Pixel Mapping, DMX & ArtNet Lighting Output)",352,2020-08-10,-101.73,-24.62,-28.55
Aoshow led,How to use Madmapper connect PSAC(power supply+Artnet controller)Control WS2812B LED Pixel Bar Tube,https://www.youtube.com/watch?v=HEpoyA_DcgA,"LED Strip Pixel Mapping (LED Strip Pixel Mapping, DMX & ArtNet Lighting Output)",338,2023-08-10,-46.49,-36.76,-37.4
VJN creativevisuals (VJNVFX),MAD MAPPER TUTORIAL INTERFACE BASICS,https://www.youtube.com/watch?v=amwWop48RqA,"Beginner Guides (Beginner Guides, Procedural Shaders & ISF Materials)",327,2020-08-10,-0.57,49.32,-79.66
Introdução ao Video Mapping com MadMapper,"Tutorial MadMapper 4 - Montando setup, conectando com madmapper, e projetando em superficie 3d",https://www.youtube.com/watch?v=QbS2HVN-L5M,3D Projection Mapping & Calibration (3D Projection Mapping & Calibration),317,2018-08-11,-25.81,-26.53,36.11
Wicked Lasers and MadMapper The Mapping Software,Laser Banding - Ultimate tutorial with LaserCube and MadMapper,https://www.youtube.com/watch?v=kFP-dh14Sgk,Laser Control & Hardware (Laser Control & Hardware),312,2026-08-08,-38.76,-101.14,-83.8
Pixel bar Jack,Madmapper Garagecube with Showjockey's DMX Pixel rgb tubes. Customized LED pixel bar strip,https://www.youtube.com/watch?v=otXoRfEYM5k,"LED Strip Pixel Mapping (LED Strip Pixel Mapping, DMX & ArtNet Lighting Output)",311,2022-08-10,-112.57,-7.67,-19.7
ProjectileObjects and vidvox,Installing VDMX6 (and VDMX6 Plus) for the First Time,https://www.youtube.com/watch?v=NbE6qX-IPtE,Beginner Guides (Beginner Guides),296,2026-05-11,53.53,2.09,-102.79
Sophie King,Modul8 & MadMapper,https://www.youtube.com/watch?v=FKzl4491E5s,Procedural Shaders & ISF Materials (Procedural Shaders & ISF Materials),290,2018-08-11,-38.72,53.03,-73.26
3Dmotion Experiencia interactivas,FIRST LED MAPPING TOURNAMENT IN THE WORLD,https://www.youtube.com/watch?v=FEt9GWwA6Fc,LED Strip Pixel Mapping (LED Strip Pixel Mapping),289,2018-08-11,-109.17,-11.84,69.52
michael saenz,Mad mapper video,https://www.youtube.com/watch?v=IYY2U0mgLvk,Beginner Guides (Beginner Guides),288,2014-08-12,28.7,-0.84,-11.11
Z_Unity,AE to spout to Unity to Resolume,https://www.youtube.com/watch?v=uFlR-QDWx-I,"Syphon, Spout & NDI Video Routing (Syphon, Spout & NDI Video Routing)",282,2021-08-10,-28.57,58.79,58.38
birthCenter Productions,Klaksyphon Videolab Madness,https://www.youtube.com/watch?v=moamZZdLV7w,Beginner Guides (Beginner Guides),270,2019-08-11,87.07,-17.28,-30.3
Introdução ao Video Mapping com MadMapper,Tutorial MadMapper - Video Mapping,https://www.youtube.com/watch?v=rJTGt1Jm7io,Beginner Guides (Beginner Guides),258,2018-08-11,27.83,-15.44,-35.97
Caroline Blanton,Projection Mapping Installation (MadMapper),https://www.youtube.com/watch?v=i469j4ozHhs,3D Projection Mapping & Calibration (3D Projection Mapping & Calibration),257,2016-08-11,25.29,-9.96,68.43
IPixelInc,Mapping onto 3D cubes with Resolume and Mad mapper,https://www.youtube.com/watch?v=K12u0pgzTXk,"3D Projection Mapping & Calibration (3D Projection Mapping & Calibration, DMX & ArtNet Lighting Output)",256,2019-08-11,-38.61,17.91,63.94
Gabriella Paolini,MadMapper 3,https://www.youtube.com/watch?v=ZcSnMmD7Ykc,Beginner Guides (Beginner Guides),256,2019-08-11,-65.09,60.22,94.52
Laserowski,Madmapper 4 (with a 3.7.5 project) in my livingroom.,https://www.youtube.com/watch?v=gtXwViBm92s,Beginner Guides (Beginner Guides),253,2020-08-10,75.37,-55.09,-25.93
WayneSablesProject,Menu in MadMapper,https://www.youtube.com/watch?v=yFgY2W_xwUc,3D Projection Mapping & Calibration (3D Projection Mapping & Calibration),249,2021-08-10,7.26,-3.95,54.08
Leon SHIH,processing + Madmapper,https://www.youtube.com/watch?v=KRv0ItGg-lI,Beginner Guides (Beginner Guides),239,2019-08-11,75.9,-19.6,-61.24
Alan Peterson,MadMapper demo @ Bare Pool # 8,https://www.youtube.com/watch?v=mkxzTCHuUXE,Beginner Guides (Beginner Guides),230,2012-08-12,50.2,-66.09,-27.8
Bars & Tone / 화면조정,How to record your final project in Spout2,https://www.youtube.com/watch?v=VTy6MT1H80U,Beginner Guides (Beginner Guides),228,2019-08-11,76.79,-76.0,-35.0
UsBpwnzz,how to download spout,https://www.youtube.com/watch?v=QPZXoMnb4wk,"Syphon, Spout & NDI Video Routing (Syphon, Spout & NDI Video Routing)",225,2012-08-12,-40.31,77.44,50.47
아름답다_knowthyself,Line Effect Test : MADmapper,https://www.youtube.com/watch?v=Q84MDc5tqpQ,Beginner Guides (Beginner Guides),218,2023-08-10,27.86,-73.69,-49.66
Tradera Regerar,Madmapper 4 beta tryout,https://www.youtube.com/watch?v=J2_pS6Tjwxo,Beginner Guides (Beginner Guides),210,2020-08-10,20.7,-48.15,-68.32
Pixel bar Jack,"DMX RGB Pixel Tube DMX Super Scenografix Bar DMX 512 madmapper,lep mapping",https://www.youtube.com/watch?v=D4q-eTVL8l0,DMX & ArtNet Lighting Output (DMX & ArtNet Lighting Output),198,2022-08-10,-86.1,-17.79,-82.64
WayneSablesProject,Mesh Warping in MadMapper,https://www.youtube.com/watch?v=zNoU-uS9Mc4,"Surface Creation & Masking (Surface Creation & Masking, 3D Projection Mapping & Calibration)",193,2026-02-10,21.76,-88.44,34.76
Pixel bar Jack,DMX led mapping bar RGB Tube for DJ Nightclub bar hotel KTV decoration light Madrix Madmapper,https://www.youtube.com/watch?v=ig2orAw0P9o,"LED Strip Pixel Mapping (LED Strip Pixel Mapping, DMX & ArtNet Lighting Output)",183,2023-08-10,-120.0,-20.29,-42.32
DoktorAndy,ProjectionMapping,https://www.youtube.com/watch?v=vC7Ee3rC6Vo,Procedural Shaders & ISF Materials (Procedural Shaders & ISF Materials),148,2015-08-12,-29.61,36.36,-60.69
KaDanceMix,ISF shader rendered with Metal.,https://www.youtube.com/watch?v=nGb_wWMPUN8,Procedural Shaders & ISF Materials (Procedural Shaders & ISF Materials),135,2020-08-10,-50.8,39.29,-55.24
Jay Em,MAPPING TEST.  RESOLUME/HEAVYM/SYPHON-SPOUT,https://www.youtube.com/watch?v=y8DG_ojEuQc,"Syphon, Spout & NDI Video Routing (Syphon, Spout & NDI Video Routing)",128,2017-08-11,-16.99,78.94,47.29
Paul Mortimore,Phoebus – Audiovisual installation MadMapper and GarageCube LED,https://www.youtube.com/watch?v=2o-loPtPc8s,"3D Projection Mapping & Calibration (3D Projection Mapping & Calibration, LED Strip Pixel Mapping, Procedural Shaders & ISF Materials, Laser Control & Hardware)",127,2020-08-10,-17.93,-13.85,0.08
Zap,Spatial Scanner - Collecting Blue Loot,https://www.youtube.com/watch?v=l5U-YdBZNRI,Spatial Scanner 3D Reconstruction (Spatial Scanner 3D Reconstruction),123,2016-08-11,1.76,73.67,-20.93
SCVISIONS,"Dirtycake: MONSTER - Madlight, Madmapper, CoGe, Modul8 (GoldenCrookz)",https://www.youtube.com/watch?v=zr1SjZrNhE8,LED Strip Pixel Mapping (LED Strip Pixel Mapping),100,2015-08-12,-87.57,-6.02,85.26
Pixel bar Jack,"DMX led pixel mapping tubes Digital Led Strip for DJ Club support Madrix, Madmapper, Arena Resolume",https://www.youtube.com/watch?v=9AksprDQl2o,"LED Strip Pixel Mapping (LED Strip Pixel Mapping, DMX & ArtNet Lighting Output)",96,2023-08-10,-112.06,13.84,-0.15
CreAsiaN,Mapping with Madmapper (Lost In Time),https://www.youtube.com/watch?v=cLISnLfP0Gk,Beginner Guides (Beginner Guides),96,2014-08-12,68.36,-0.63,-81.69
TECHLIFE LAB,TLAESyphon,https://www.youtube.com/watch?v=-bRut_GKlmc,Beginner Guides (Beginner Guides),93,2015-08-12,64.95,-17.67,-33.67
Cj N2,syphon testing,https://www.youtube.com/watch?v=Khh7HDkdwNc,"3D Projection Mapping & Calibration (3D Projection Mapping & Calibration, Syphon, Spout & NDI Video Routing)",86,2014-08-12,30.95,62.92,58.62
Phillip Andrews,ART EXHIBIT sculptural projection concept promo,https://www.youtube.com/watch?v=bbOlgqmb-wk,"Surface Creation & Masking (Surface Creation & Masking, Procedural Shaders & ISF Materials)",81,2022-08-10,-14.71,-79.41,24.06
Promedia Cine,SPOT WORKSHOP MODUL8 E INTRODUCCION A  MADMAPPER,https://www.youtube.com/watch?v=zqXB9Uu2JVA,Beginner Guides (Beginner Guides),70,2018-08-11,39.37,-23.01,-120.0
Phoenix Shipyards tF,Spatial Scanner demo,https://www.youtube.com/watch?v=LXHaaL6n1N8,Spatial Scanner 3D Reconstruction (Spatial Scanner 3D Reconstruction),68,2016-08-11,28.88,93.42,-20.9
Cooperativa de la Imagen,Workshop Pixel Mapping,https://www.youtube.com/watch?v=RwMY-VUQ8Mg,LED Strip Pixel Mapping (LED Strip Pixel Mapping),64,2019-08-11,-86.82,-5.73,38.21
Darius Powell,Chesterfield    MadMapper 3 6 1 26 02 2019 22 02 58,https://www.youtube.com/watch?v=uVL4qfwQ1Ls,Beginner Guides (Beginner Guides),63,2019-08-11,71.93,-63.36,22.73
Yuheng Sun,Projection Practice | Use MadMapper to project on different surfaces,https://www.youtube.com/watch?v=U_-oqeWseMs,Beginner Guides (Beginner Guides),50,2023-08-10,86.34,-63.65,-7.75
Ethan Billings,"MadMapper for ""I Project Raccoons"" Back wall",https://www.youtube.com/watch?v=r_1InK473CA,Beginner Guides (Beginner Guides),30,2023-08-10,95.45,-55.37,-37.06
Big Horn,Connecting Madmapper to the new LED ring,https://www.youtube.com/watch?v=fROB6Kx5MLg,LED Strip Pixel Mapping (LED Strip Pixel Mapping),30,2021-08-10,-69.29,-19.51,44.77
Spaces Real Estate Co.,VIDEO 3 FOR MADMAPPER,https://www.youtube.com/watch?v=sNVOMYPuh4Q,Beginner Guides (Beginner Guides),25,2020-08-10,39.1,-29.44,-27.68
Anthony Diehl,Madmapper 101,https://www.youtube.com/watch?v=2fPN0PBo7IM,Beginner Guides (Beginner Guides),0,2012-08-12,54.93,-26.82,-50.95
