autor,titulo,enlace,categoria_descriptores,vistas_reales,fecha_publicacion,duracion,duracion_segundos,latent_x,latent_y,latent_z
Jaime Altozano,Aprendemos a grabar una canción desde cero. Este es el resultado. Tutorial Reaper | Jaime Altozano,https://www.youtube.com/watch?v=BacNrKKPMsE,Beginner Guides (Beginner Guides),4009772,2018-08-11,17:11,1031,9.9,24.54,-13.66
Nico Astegiano,REAPER desde 0 (Principiantes) | Audio para Músicos,https://www.youtube.com/watch?v=WNcg3Z122wY,Beginner Guides (Beginner Guides),1346929,2019-08-11,14:08,848,16.13,37.16,9.26
Adam Steel,Reaper DAW 101:- The Basics - PART 1,https://www.youtube.com/watch?v=JwDcTPn2dvc,Beginner Guides (Beginner Guides),1318769,2019-08-11,01:03:08,3788,36.4,-74.28,23.75
In The Mix,Mastering Start To Finish: A Step by Step Guide to Loud and Clear Masters,https://www.youtube.com/watch?v=ZHXD-BlKyL8,"Beginner Guides (Beginner Guides, Mastering & Loudness)",960777,2021-08-10,25:52,1552,66.94,-18.2,-5.16
Skills Factory,Reaper  - Tutorial for Beginners in 13 MINUTES!  [ COMPLETE ],https://www.youtube.com/watch?v=_shjd4GBILo,Beginner Guides (Beginner Guides),878515,2022-08-10,13:28,808,27.97,5.59,-103.43
Envato Tuts+,Reaper Tutorial for Beginners | FREE COURSE,https://www.youtube.com/watch?v=XRAYqWFeYR0,Beginner Guides (Beginner Guides),814057,2023-08-10,03:37:16,13036,43.7,-5.03,-51.06
Reaper Tutorials,Top 10 Reasons Reaper is the Best DAW,https://www.youtube.com/watch?v=bqfoyumhzPI,Beginner Guides (Beginner Guides),404148,2021-08-10,13:54,834,9.67,-51.97,6.56
The Audio Journey,Reaper Beginners Tutorial - Recording Guitar and Vocals,https://www.youtube.com/watch?v=NhRMM3RjbHM,"Beginner Guides (Beginner Guides, Vocal Processing & Tuning)",380700,2017-08-11,12:04,724,48.73,-6.99,-109.48
SpectreSoundStudios,Unlock THOUSANDS of Free Plugins in Reaper!,https://www.youtube.com/watch?v=2W8gbpfxwiM,JSFX & Plugin DSP (JSFX & Plugin DSP),342924,2021-08-10,11:00,660,78.66,-56.08,-75.57
Audio Tech TV,How To Use Reaper DAW Tutorial for Beginners on Windows 10,https://www.youtube.com/watch?v=EZgHHEkFNIs,"Beginner Guides (Beginner Guides, MIDI Editing & Virtual Instruments)",281255,2021-08-10,20:28,1228,38.8,-98.68,-7.42
Reapertips | Alejandro,How I record guitars (quick and easy) in REAPER,https://www.youtube.com/watch?v=wH94PSfOB_w,Beginner Guides (Beginner Guides),271196,2023-08-10,11:13,673,19.82,38.64,-40.42
Drew Brashler,Behringer X32 - X-UF - Reaper DAW Multi Track Setup,https://www.youtube.com/watch?v=v6a1VvOQoVc,Beginner Guides (Beginner Guides),253282,2014-08-12,17:15,1035,-5.09,-42.68,-12.26
ReaperTV,REAPER Tutorial: Audio Editing Fundamentals,https://www.youtube.com/watch?v=kn2SlBMpzwY,Beginner Guides (Beginner Guides),251133,2017-08-11,18:05,1085,34.35,0.44,-29.06
Audiohackr,How to master your mix using stock plugins in REAPER,https://www.youtube.com/watch?v=Wt0Dp-YPCJs,JSFX & Plugin DSP (JSFX & Plugin DSP),248009,2016-08-11,10:20,620,69.03,-32.21,-97.87
ZigZag Production Studio,"Deadmau5 Explaining the BEST DAW to Start With (Ableton, FL Studio, Reaper...?)",https://www.youtube.com/watch?v=0mpQdI4eMfI,Beginner Guides (Beginner Guides),220949,2023-08-10,03:10,190,4.57,-65.9,6.82
REAPER Mania,Recording Your First Vocal Track in REAPER,https://www.youtube.com/watch?v=dD_xXJC4sJY,Vocal Processing & Tuning (Vocal Processing & Tuning),209285,2020-08-10,14:03,843,54.62,-0.49,-119.12
Gabe Miller Music,The Ultimate Reaper Beginner Tutorial for Electronic Music Production,https://www.youtube.com/watch?v=zHlOnvXaIsY,Beginner Guides (Beginner Guides),207346,2021-08-10,20:43,1243,38.02,20.32,-82.88
ReaperTV,Reaper: Quick Edit Volume Levels - Inline Audio Editing,https://www.youtube.com/watch?v=_KQa5DkVjPU,Beginner Guides (Beginner Guides),202891,2017-08-11,04:26,266,30.36,54.04,-20.09
Dominik „Wodzu” Bodzek,The ULTIMATE GUIDE to REAPER BEAT MAKING 🎹 | Cockos Reaper Tutorial,https://www.youtube.com/watch?v=cdUFQX_Kf9s,"JSFX & Plugin DSP (JSFX & Plugin DSP, Audio Mixing & Routing, MIDI Editing & Virtual Instruments)",192582,2021-08-10,42:57,2577,67.88,-107.6,-30.3
EDM Tips,LUFS Explained – SIMPLE! (Mastering for Spotify),https://www.youtube.com/watch?v=vidK3mE5Mn0,Mastering & Loudness (Mastering & Loudness),177600,2020-08-10,07:11,431,67.08,-19.97,24.69
Reapertips | Alejandro,5 tips I wish I knew sooner in REAPER,https://www.youtube.com/watch?v=5gmCE3zd0nk,Beginner Guides (Beginner Guides),172329,2023-08-10,07:25,445,29.41,-18.7,23.54
REAPER Mania,Using a MIDI Keyboard Controller in REAPER,https://www.youtube.com/watch?v=02Gjb16CbkY,MIDI Editing & Virtual Instruments (MIDI Editing & Virtual Instruments),170403,2023-08-10,07:58,478,54.19,-110.52,-13.47
Reapertips | Alejandro,10 Tips for Writing MIDI Drums in REAPER,https://www.youtube.com/watch?v=pTYMKf1lJKo,MIDI Editing & Virtual Instruments (MIDI Editing & Virtual Instruments),165843,2023-08-10,20:11,1211,48.77,-93.74,10.5
OSIRIS GUITAR,Recording Metal Guitars - Reaper Tutorial [For Beginners],https://www.youtube.com/watch?v=ACSdE8vxXPQ,Beginner Guides (Beginner Guides),165528,2022-08-10,16:50,1010,34.72,-7.2,-68.39
Demigodson,How to Play REAPER in Overwatch 2 (Top 500 Hero Guide / Tips and Tricks),https://www.youtube.com/watch?v=GUO9qkedc6g,Beginner Guides (Beginner Guides),155648,2023-08-10,07:40,460,17.73,-65.24,64.19
The REAPER Blog,What you need to know about making videos in REAPER - Video Production In REAPER 5 Quickstart,https://www.youtube.com/watch?v=m5eWDeftza4,Beginner Guides (Beginner Guides),142121,2019-08-11,15:41,941,28.83,-75.07,-66.96
REAPER Mania,Create a Drum Part Quickly in REAPER,https://www.youtube.com/watch?v=cZ4BHHpi8rY,Beginner Guides (Beginner Guides),140720,2022-08-10,14:53,893,37.13,34.52,61.37
Adam Steel,Reaper 101 (2025) Part 1:- The Basics,https://www.youtube.com/watch?v=NLVMcmvORoA,Beginner Guides (Beginner Guides),140588,2024-08-09,01:01:29,3689,41.31,-66.06,19.49
Reapertips | Alejandro,Instantly convert AUDIO to MIDI in REAPER,https://www.youtube.com/watch?v=MbiQzNPIWWg,MIDI Editing & Virtual Instruments (MIDI Editing & Virtual Instruments),140121,2024-08-09,12:44,764,48.79,-106.24,0.96
Kley De Jong,Reaper Tutorial - How To Make Drum Beats Using Samples,https://www.youtube.com/watch?v=z4MSd7cYb2o,JSFX & Plugin DSP (JSFX & Plugin DSP),138415,2017-08-11,07:43,463,50.12,-70.97,-77.03
REAPER Mania,The Chord Gun (MIDI) in REAPER,https://www.youtube.com/watch?v=-v5oE79NJMg,MIDI Editing & Virtual Instruments (MIDI Editing & Virtual Instruments),137237,2021-08-10,14:57,897,50.11,-120.0,2.66
Adam Steel,"Reaper DAW 101 Part 3:- Routing - Busses, Sidechain and more",https://www.youtube.com/watch?v=yNemQmAmzq4,Audio Mixing & Routing (Audio Mixing & Routing),134233,2019-08-11,41:04,2464,90.57,-28.03,-32.14
REAPER Mania,Setting the LUFS Level in REAPER,https://www.youtube.com/watch?v=0wPnlND92QU,Mastering & Loudness (Mastering & Loudness),131488,2018-08-11,09:23,563,64.02,-11.95,43.03
REAPER Mania,Musical Instrument - Multi Sampling in REAPER (ReaSamplOmatic5000),https://www.youtube.com/watch?v=VxEGphq0Gck,Beginner Guides (Beginner Guides),129923,2018-08-11,13:29,809,2.69,-35.01,-12.63
REAPER Mania,Folders vs  Busses vs  Groups vs  VCAs in REAPER,https://www.youtube.com/watch?v=P62cSnHY7IA,Beginner Guides (Beginner Guides),129512,2017-08-11,25:35,1535,45.64,34.07,-16.55
Narativ,How to Record Audio in Reaper? Quick Tutorial,https://www.youtube.com/watch?v=I2Up0b9wufU,Beginner Guides (Beginner Guides),127275,2021-08-10,00:48,48,25.66,30.73,-39.93
The Ultimate Mixdown,REAPER Basics - The Complete Beginner Tutorial in under 15 MINUTES,https://www.youtube.com/watch?v=f6pUEjbCe5A,Beginner Guides (Beginner Guides),125276,2023-08-10,14:48,888,23.05,12.51,-100.22
Marcelo Fernández,What volume should you export? And what are LUFS?,https://www.youtube.com/watch?v=FxHXqeV9r-M,Mastering & Loudness (Mastering & Loudness),120154,2020-08-10,10:42,642,71.55,-2.1,51.97
Mati Veloso - Producer,▶️ Curso Básico de Reaper - Desde cero,https://www.youtube.com/watch?v=OB0C65jnhc0,Beginner Guides (Beginner Guides),119428,2024-08-09,31:41,1901,13.8,16.21,-7.24
Alan Hamilton Audio,Connecting The Behringer XR18 To Reaper - Settings for X-Air and Reaper w Virtual Soundcheck Option.,https://www.youtube.com/watch?v=xYmJGyroVe0,Beginner Guides (Beginner Guides),116884,2021-08-10,16:26,986,4.05,-66.96,-40.37
REAPER Mania,This is REAPER 7 - Intro,https://www.youtube.com/watch?v=0kEm36n8TKQ,Beginner Guides (Beginner Guides),116463,2024-08-09,14:58,898,34.07,-2.16,16.78
REAPER Mania,Multi Channel Routing and Midi Tracks in REAPER,https://www.youtube.com/watch?v=8CzL_7NPysk,"Audio Mixing & Routing (Audio Mixing & Routing, MIDI Editing & Virtual Instruments)",116217,2016-08-11,12:07,727,100.6,-62.32,-30.82
The REAPER Blog,Fresh Start: REAPER 6 Settings - Part 1,https://www.youtube.com/watch?v=u5GU3mwJf2E,Beginner Guides (Beginner Guides),115139,2021-08-10,34:52,2092,6.56,-69.0,-17.31
Ellenbecker Audio Tutorials,How to Assign Interface Inputs to Tracks on Reaper,https://www.youtube.com/watch?v=kffWZ-WeTsY,Beginner Guides (Beginner Guides),114429,2018-08-11,04:20,260,15.17,-18.26,-5.79
Shaped by Rain Studios,FMOD Studio Tutorial | How to Create Adaptive Audio for Video Games,https://www.youtube.com/watch?v=7A1HMOsD2eU,"Beginner Guides (Beginner Guides, Game Audio & Middleware)",110055,2023-08-10,24:12,1452,49.92,50.84,-67.91
Marcelo Fernández,How to use REAPER FROM SCRATCH in 2025,https://www.youtube.com/watch?v=JOj1xvQ8BzE,Beginner Guides (Beginner Guides),109381,2025-10-13,11:04,664,48.11,-46.82,19.76
Sage Audio,Mastering Loud But Not Squashed,https://www.youtube.com/watch?v=YJVE4_CQ9Ts,Mastering & Loudness (Mastering & Loudness),107425,2023-08-10,09:31,571,68.99,-9.77,9.15
The REAPER Blog,Making a Click Track in Reaper,https://www.youtube.com/watch?v=GnEFzM4zJsM,Beginner Guides (Beginner Guides),106226,2012-08-12,02:07,127,27.18,-54.75,-99.37
ReaperTV,Reaper Tutorial: How to use Takes in Reaper DAW,https://www.youtube.com/watch?v=0Hrr5QrjgqM,Beginner Guides (Beginner Guides),105883,2017-08-11,10:24,624,45.4,-25.51,-39.49
The REAPER Blog,Metronome and Click Track in REAPER - Beginner REAPER DAW Tutorial,https://www.youtube.com/watch?v=tQQrE72flB4,Beginner Guides (Beginner Guides),104337,2019-08-11,10:23,623,27.01,-49.19,-85.8
Pod Peak,100 Reaper Tips and Shortcuts (for Beginners),https://www.youtube.com/watch?v=3AToV1uoqqY,Custom Scripts & Actions (Custom Scripts & Actions),98117,2022-08-10,39:16,2356,80.43,-67.4,69.16
Paul Douglas,Mixing a song on Reaper | My mixing process,https://www.youtube.com/watch?v=1xfU7IM4oBU,Audio Mixing & Routing (Audio Mixing & Routing),96376,2021-08-10,26:01,1561,92.69,-7.56,1.87
REAPER Mania,ReaTune or Tuning Vocals in REAPER,https://www.youtube.com/watch?v=3W7uVvcl1zo,Vocal Processing & Tuning (Vocal Processing & Tuning),95375,2025-08-09,11:16,676,56.05,-3.6,-104.69
REAPER Mania,Keeping Project Folders Organized in REAPER,https://www.youtube.com/watch?v=pjey57lAp1k,Beginner Guides (Beginner Guides),94221,2018-08-11,10:55,655,44.72,25.89,9.09
REAPER Mania,Importing and Editing Video in REAPER,https://www.youtube.com/watch?v=KsH5Neg4KlY,Beginner Guides (Beginner Guides),93407,2023-08-10,12:46,766,34.38,-56.53,-37.2
REAPER Mania,Normalize Audio Files in REAPER,https://www.youtube.com/watch?v=8G4o6B2SAE8,Beginner Guides (Beginner Guides),92241,2021-08-10,09:08,548,30.64,32.5,-2.95
The REAPER Blog,ESSENTIAL File Management in REAPER DAW Tutorial,https://www.youtube.com/watch?v=tk6WLWDYlyU,Beginner Guides (Beginner Guides),90058,2020-08-10,13:00,780,34.49,-17.98,-28.5
REAPER Mania,Creating Realistic Drums in REAPER,https://www.youtube.com/watch?v=PAKNfLl8Yg4,Beginner Guides (Beginner Guides),88655,2023-08-10,16:56,1016,40.35,-49.47,50.1
The REAPER Blog,Quick Tip - How To Install JS Plugins,https://www.youtube.com/watch?v=9EegrN-gF5o,JSFX & Plugin DSP (JSFX & Plugin DSP),87230,2015-08-12,01:40,100,76.44,-59.41,-41.62
Reapertips | Alejandro,Best FREE Plugins for REAPER? (Tukan Studios),https://www.youtube.com/watch?v=6SlOsDf1T4c,JSFX & Plugin DSP (JSFX & Plugin DSP),86544,2023-08-10,16:01,961,83.07,-39.48,-70.88
REAPER Mania,Why REAPER?,https://www.youtube.com/watch?v=PJrN23efnbw,Beginner Guides (Beginner Guides),85605,2025-08-09,10:54,654,110.62,93.48,-6.42
REAPER Mania,ReaLimit Limiter Plugin in REAPER,https://www.youtube.com/watch?v=nwE8reX1ERY,Mastering & Loudness (Mastering & Loudness),84546,2022-08-10,11:53,713,75.98,1.6,9.0
REAPER Mania,Recording Guitar Direct in REAPER,https://www.youtube.com/watch?v=exx-oxku894,Beginner Guides (Beginner Guides),81708,2022-08-10,12:18,738,22.73,-8.84,-64.22
Audiokinetic,Wwise-101 - Lesson 1 -  Integrating a Sound,https://www.youtube.com/watch?v=1EhEhDyZ6o4,Game Audio & Middleware (Game Audio & Middleware),79761,2022-08-10,07:03,423,79.22,62.19,-25.56
REAPER Mania,Stretch Markers in REAPER,https://www.youtube.com/watch?v=rMg_3AI6MKo,Beginner Guides (Beginner Guides),78664,2020-08-10,11:30,690,11.35,4.5,24.86
Home Music Maker,How to Master in REAPER: Turn Your Songs into Masterpieces!,https://www.youtube.com/watch?v=NiE0i6Fwg1A,Beginner Guides (Beginner Guides),77125,2024-08-09,33:12,1992,9.79,-11.8,-30.37
Easy Mixing,Export Individual Tracks in Reaper - Easy Mixing,https://www.youtube.com/watch?v=Av8gCvxIREs,"Audio Mixing & Routing (Audio Mixing & Routing, Mastering & Loudness)",74221,2022-08-10,00:41,41,85.16,-4.3,-15.68
Reaper Tutorials,Quick Tutorial - Sidechaining in Reaper,https://www.youtube.com/watch?v=a1sh2o78XyY,Beginner Guides (Beginner Guides),73356,2020-08-10,01:18,78,26.06,16.86,-26.87
Demigodson,The ONLY REAPER GUIDE you will ever need in Overwatch 2 (Top 500 Hero Guide/Tips and Tricks),https://www.youtube.com/watch?v=ZemNGr2mmRo,Beginner Guides (Beginner Guides),73089,2025-08-09,19:06,1146,21.56,-64.77,53.13
ChoiceOW,Reaper GUIDE to climb the ranks,https://www.youtube.com/watch?v=FkN1shWryWI,Beginner Guides (Beginner Guides),72205,2025-08-09,02:33:44,9224,25.4,-37.15,31.42
Reapertips | Alejandro,5 Useful Scripts for REAPER,https://www.youtube.com/watch?v=x1Qyg1Jg80s,Beginner Guides (Beginner Guides),72041,2024-08-09,14:15,855,23.94,-30.83,7.77
REAPER Mania,This is REAPER 6 - Sends & Busses (8/15),https://www.youtube.com/watch?v=8QmVGdlcMB0,Beginner Guides (Beginner Guides),71414,2023-08-10,14:51,891,31.98,43.2,27.94
The REAPER Blog,Mastering with REAPER stock FX Plugins.,https://www.youtube.com/watch?v=RUkpuA-DwyQ,"JSFX & Plugin DSP (JSFX & Plugin DSP, Mastering & Loudness)",71161,2022-08-10,23:03,1383,75.46,-16.92,-80.36
REAPER Mania,FX on the Master Track in REAPER,https://www.youtube.com/watch?v=mK8OBOJ58tg,Beginner Guides (Beginner Guides),69545,2022-08-10,13:48,828,8.18,-12.56,-55.07
TutorialsFor Reaper,Tutorials For Reaper | Envelopes | Normalize | Automations | Volume and Pan | Render Ready For CD,https://www.youtube.com/watch?v=OYMNx46MGmo,Mastering & Loudness (Mastering & Loudness),69186,2010-08-13,10:18,618,61.74,13.63,25.24
REAPER Mania,How to Glue a Mix in REAPER,https://www.youtube.com/watch?v=3ncr_aLySF4,Beginner Guides (Beginner Guides),69107,2023-08-10,10:32,632,29.1,2.92,49.16
REAPER Mania,Mix Like an Old Pro in REAPER,https://www.youtube.com/watch?v=BmrtAa5OK5U,Beginner Guides (Beginner Guides),68544,2023-08-10,08:55,535,31.47,-10.81,59.58
The REAPER Blog,REAPER Album Mastering Workflow - 2016 update - how to master an album in reaper,https://www.youtube.com/watch?v=Inf6oXIuXCc,"Custom Scripts & Actions (Custom Scripts & Actions, Mastering & Loudness)",67223,2017-08-11,10:00,600,75.11,-20.55,73.46
REAPER Mania,This is REAPER 7 - Basic Audio Editing,https://www.youtube.com/watch?v=EGL54WGa85A,Beginner Guides (Beginner Guides),66960,2024-08-09,12:12,732,41.22,11.6,-28.59
REAPER Mania,How to Make Your Mixes Louder in REAPER,https://www.youtube.com/watch?v=aGy91FBNm5g,Beginner Guides (Beginner Guides),66562,2021-08-10,10:35,635,54.06,-3.3,-27.7
REAPER Mania,How I Adjust Volume Automation in REAPER,https://www.youtube.com/watch?v=Y8p05k8hKZo,Beginner Guides (Beginner Guides),65971,2020-08-10,06:46,406,22.76,-80.03,-10.41
Paul Douglas,How to master a song in Reaper | Making a song on Reaper,https://www.youtube.com/watch?v=tlzpO0RujWw,"Audio Mixing & Routing (Audio Mixing & Routing, Mastering & Loudness)",65499,2021-08-10,09:12,552,80.38,-17.82,-27.09
RealHomeRecording.com,Record Soundcard Output Easily with REAPER,https://www.youtube.com/watch?v=t_okfrNQnC4,Beginner Guides (Beginner Guides),63335,2018-08-11,02:52,172,26.84,35.13,-63.87
Daniel Kharrat,How to setup M32/X32 with Reaper for Multitrack Recording and Virtual Sound Check (Step by step),https://www.youtube.com/watch?v=a17BWzRHaQI,Beginner Guides (Beginner Guides),63000,2021-08-10,04:16,256,54.97,-41.56,-26.4
Envato Tuts+,Reaper Tutorial | How to Edit a Podcast,https://www.youtube.com/watch?v=y-Tu14fG4C8,Beginner Guides (Beginner Guides),61551,2023-08-10,02:17:48,8268,11.24,14.28,-47.4
REAPER Mania,Track Lanes & Comping in REAPER 7,https://www.youtube.com/watch?v=QKql5MD-dCA,Beginner Guides (Beginner Guides),60669,2024-08-09,10:42,642,10.39,-19.51,-93.59
REAPER Mania,The BEST Way to Use AI Stems in REAPER for Insane Remixes | ReMix Anything in REAPER using AI Stems,https://www.youtube.com/watch?v=4UOtVO3m4MA,Mastering & Loudness (Mastering & Loudness),60479,2025-08-09,11:44,704,67.23,14.13,61.5
REAPER Mania,Takes in REAPER,https://www.youtube.com/watch?v=i1BWAVGjDos,Beginner Guides (Beginner Guides),59150,2020-08-10,12:46,766,43.95,-33.93,-55.26
REAPER Mania,The Routing Matrix in REAPER,https://www.youtube.com/watch?v=oAfF6lNlMQk,Audio Mixing & Routing (Audio Mixing & Routing),58271,2020-08-10,07:37,457,103.94,-6.56,-23.45
Akash Thakkar,Reaper for Game Audio | Part 1 - Intro and Setup,https://www.youtube.com/watch?v=uNJSKNhbsgA,"Beginner Guides (Beginner Guides, Game Audio & Middleware)",57233,2020-08-10,12:35,755,57.88,33.67,-48.96
Dominik „Wodzu” Bodzek,HOW TO MAKE BEATS IN REAPER 🎹,https://www.youtube.com/watch?v=Pb18wmgVy4Y,Beginner Guides (Beginner Guides),54689,2024-08-09,32:07,1927,50.47,-16.05,-10.14
REAPER Mania,Using a MIDI Keyboard Controller in REAPER 7.20 or Newer,https://www.youtube.com/watch?v=Ogg9nDvZZTo,MIDI Editing & Virtual Instruments (MIDI Editing & Virtual Instruments),54095,2025-08-09,08:30,510,58.92,-112.93,3.53
REAPER Mania,First MIDI Song in REAPER | The BEST Way to Make a MIDI Song in REAPER FAST,https://www.youtube.com/watch?v=Ziy9sn0yghc,MIDI Editing & Virtual Instruments (MIDI Editing & Virtual Instruments),52448,2025-08-09,27:40,1660,51.93,-108.7,19.3
Megastar,An Idiot's Guide to REAPER | FFXIV Dawntrail,https://www.youtube.com/watch?v=JKsJQymklWo,Beginner Guides (Beginner Guides),52436,2026-02-10,06:53,413,32.25,-39.31,30.02
The REAPER Blog,Working faster with MIDI Editor Actions in REAPER (better keyboard shortcuts),https://www.youtube.com/watch?v=eDGKG5uFtEU,"Custom Scripts & Actions (Custom Scripts & Actions, MIDI Editing & Virtual Instruments)",51641,2022-08-10,17:12,1032,69.0,-101.46,45.06
The REAPER Blog,ReaRoute ASIO Driver and ReaStream Network Audio Plugin,https://www.youtube.com/watch?v=OnfTq8EtluU,Beginner Guides (Beginner Guides),51424,2022-08-10,10:51,651,49.21,27.64,41.03
Envato Tuts+,Reaper Tutorial | Sound Design for Beginners,https://www.youtube.com/watch?v=DNBYS4Q0P2g,"Beginner Guides (Beginner Guides, Game Audio & Middleware)",49994,2024-08-09,02:32:29,9149,53.36,33.16,-71.67
REAPER Mania,The Best Things You Didn’t Know REAPER Could Do - Part 1,https://www.youtube.com/watch?v=R8fdYdGflo8,Beginner Guides (Beginner Guides),49828,2025-08-09,11:36,696,19.28,-69.14,-56.27
REAPER Mania,JS: Loudness Meter Plugin (LUFS) in REAPER,https://www.youtube.com/watch?v=BF3SXuKBolM,Mastering & Loudness (Mastering & Loudness),49770,2022-08-10,13:24,804,82.48,-7.27,41.57
The Ultimate Mixdown,MIDI Editor Basics: What You Need to Know (Fast and Simple) - REAPER Tutorial,https://www.youtube.com/watch?v=1AXxztgzrAk,"Beginner Guides (Beginner Guides, MIDI Editing & Virtual Instruments)",48348,2025-08-09,07:12,432,39.7,-108.61,11.59
Skills Factory,Reaper  - Tutorial for Beginners in 16 MINS!  [ FULL GUIDE 2025 ],https://www.youtube.com/watch?v=uHlQJgOTcSQ,"Beginner Guides (Beginner Guides, MIDI Editing & Virtual Instruments)",48280,2025-09-13,16:54,1014,39.28,-110.65,-8.33
The REAPER Blog,Recording with Takes in REAPER,https://www.youtube.com/watch?v=jI7irAvxzvs,Beginner Guides (Beginner Guides),47430,2021-08-10,20:14,1214,37.76,-30.23,-62.73
REAPER Mania,Understanding Compression in REAPER,https://www.youtube.com/watch?v=l87vi7mEQC0,Beginner Guides (Beginner Guides),47146,2022-08-10,12:36,756,24.79,-14.62,2.13
REAPER Mania,This is REAPER 7 - Recording Audio - Part 1,https://www.youtube.com/watch?v=CKHWK3oTj-A,Beginner Guides (Beginner Guides),46657,2024-08-09,09:59,599,28.5,-22.55,-69.26
Henry Scott,FMOD & Unity | Adding Game Sounds | Part 1 - OneShots & Animation,https://www.youtube.com/watch?v=E7KSGSHrjTI,Game Audio & Middleware (Game Audio & Middleware),46088,2019-08-11,31:26,1886,74.38,77.81,5.31
Adrian Rascon,Film Scoring in Reaper (Tutorial),https://www.youtube.com/watch?v=n2kuagzvCIc,Beginner Guides (Beginner Guides),45899,2021-08-10,09:17,557,28.26,-6.62,-18.31
REAPER Mania,Fades & Crossfades in REAPER,https://www.youtube.com/watch?v=HLFMV7ae3TE,Beginner Guides (Beginner Guides),45785,2020-08-10,13:09,789,111.09,5.42,31.08
Joe at Claricast,How To Get Started With Reaper (10 Step Tutorial),https://www.youtube.com/watch?v=MBWkFhRk1RM,Beginner Guides (Beginner Guides),45069,2023-08-10,25:31,1531,46.99,-49.82,-21.84
Akash Thakkar,These Reaper Plugins Completely Changed My Sound Design Workflow,https://www.youtube.com/watch?v=tHpQmxQlWfI,"Custom Scripts & Actions (Custom Scripts & Actions, JSFX & Plugin DSP, Game Audio & Middleware)",43252,2023-08-10,05:07,307,90.52,-50.17,57.82
Raytown Productions,How to Master a Rock/Metal Song in 5 min | Mastering Tutorial,https://www.youtube.com/watch?v=u8gK1XpXHOw,"JSFX & Plugin DSP (JSFX & Plugin DSP, Mastering & Loudness)",42462,2023-08-10,10:38,638,65.75,-15.37,-73.9
Ballast Media,Configure Reaper for Live Mixing - PART 3 - Make My Live Stream Sound Better,https://www.youtube.com/watch?v=O0nI-ubl9bA,Audio Mixing & Routing (Audio Mixing & Routing),42199,2023-08-10,18:34,1114,99.97,-7.68,24.28
REAPER Mania,The Best FX Plugins Hidden in REAPER - Part 1,https://www.youtube.com/watch?v=EM1p_Z8pY2Q,JSFX & Plugin DSP (JSFX & Plugin DSP),41428,2025-12-12,14:21,861,80.06,-43.42,-96.96
Lykaon,Reaper Tutorial - How to create Busses!,https://www.youtube.com/watch?v=orjBMzdG-ow,Beginner Guides (Beginner Guides),41125,2022-08-10,03:41,221,31.76,6.03,-5.35
The REAPER Blog,ReaScript & ReaPack Tips,https://www.youtube.com/watch?v=9aQNCNGBF-c,Custom Scripts & Actions (Custom Scripts & Actions),39156,2016-08-11,09:52,592,75.2,-73.41,86.07
REAPER Mania,Set Up to Mix Quickly in REAPER,https://www.youtube.com/watch?v=UUBN5UbJsU4,Beginner Guides (Beginner Guides),38634,2022-08-10,10:14,614,34.45,15.6,42.46
REAPER Mania,The New Features Coming to REAPER 8I,https://www.youtube.com/watch?v=WGCTJMsc5K8,Beginner Guides (Beginner Guides),37561,2026-04-11,05:39,339,12.97,-12.47,63.2
The REAPER Blog,Audio Routing Explained - DAW signal flow tutorial,https://www.youtube.com/watch?v=H8BJhJjgCiE,Audio Mixing & Routing (Audio Mixing & Routing),36812,2016-08-11,17:04,1024,106.94,-36.09,-48.14
Let's Talk About Reaper,Free JS Plugins - Installing Tukan Studios Plugins,https://www.youtube.com/watch?v=BJI52lUZxJU,JSFX & Plugin DSP (JSFX & Plugin DSP),35868,2022-08-10,07:10,430,81.24,-40.9,-52.07
The REAPER Blog,Customizing Zoom and Scroll in REAPER,https://www.youtube.com/watch?v=8p0Nm1o39ig,Beginner Guides (Beginner Guides),35551,2016-08-11,07:41,461,46.06,-1.26,26.42
"No Label, No Producer, No Limits",Mastering With Free Reaper Plugins,https://www.youtube.com/watch?v=nvRUjiLxCfg,"JSFX & Plugin DSP (JSFX & Plugin DSP, Mastering & Loudness)",34518,2024-08-09,13:24,804,72.93,-19.6,-63.3
REAPER Mania,Matching Item/Track Loudness Levels (LUFS) in REAPER,https://www.youtube.com/watch?v=jqyMHHTjqJQ,Mastering & Loudness (Mastering & Loudness),34436,2022-08-10,09:22,562,78.2,-13.77,19.27
Mattias Holmgren,Reaper 2025 – I Was NOT Expecting This!,https://www.youtube.com/watch?v=a5UtNPJQ_qI,Beginner Guides (Beginner Guides),34268,2025-09-13,15:01,901,41.47,-51.81,8.54
The REAPER Blog,Building a Mix Template in REAPER DAW,https://www.youtube.com/watch?v=xKsgV1AVQqI,Beginner Guides (Beginner Guides),33248,2020-08-10,17:06,1026,34.07,7.7,66.99
REAPER Mania,Master VU Settings in REAPER,https://www.youtube.com/watch?v=NWHDwYQVzro,Beginner Guides (Beginner Guides),32836,2022-08-10,10:10,610,-5.42,-21.04,-43.14
Shootie School,Routing Toontrack's EZDrummer 3 in Reaper,https://www.youtube.com/watch?v=m-4ZB62fUjE,Audio Mixing & Routing (Audio Mixing & Routing),32531,2024-08-09,09:35,575,97.96,-30.33,-17.83
REAPER Mania,Controlling Volume in REAPER - Part 1,https://www.youtube.com/watch?v=cfx8KUGoXJE,Beginner Guides (Beginner Guides),30978,2023-08-10,10:49,649,18.83,-81.2,23.89
The REAPER Blog,What's New in REAPER 5.0 | VST3; VCA Grouping; Video Editing; ReaScript Editor,https://www.youtube.com/watch?v=zmRndKJExvg,Custom Scripts & Actions (Custom Scripts & Actions),30368,2016-08-11,15:15,915,66.96,-80.65,78.17
IDDQD Sound,How to Route Audio from your Computer to your DAW (Mac ONLY),https://www.youtube.com/watch?v=SQbVVpFmh7Y,Beginner Guides (Beginner Guides),29837,2022-08-10,06:05,365,-4.48,5.92,1.21
Dominik „Wodzu” Bodzek,How to make beats in Reaper with NO HARDWARE | Wodzu Beats,https://www.youtube.com/watch?v=EwvszXMysiI,"JSFX & Plugin DSP (JSFX & Plugin DSP, Audio Mixing & Routing, MIDI Editing & Virtual Instruments, Control Surfaces & Hardware)",29480,2022-08-10,05:01,301,62.4,-107.47,-52.24
Reapertips | Alejandro,What HAPPENED to REAPER in a Year?!,https://www.youtube.com/watch?v=IAAXyaW8Quc,Beginner Guides (Beginner Guides),29030,2026-04-11,20:38,1238,-120.0,120.0,-14.75
Reaper for Podcasting,Reaper for Podcasting: A Beginner's Guide for New Users,https://www.youtube.com/watch?v=CPeUilYS4rc,Beginner Guides (Beginner Guides),27936,2021-08-10,17:03,1023,24.99,-33.23,53.37
REAPER Mania,Working with Channels in REAPER,https://www.youtube.com/watch?v=uTIdp4i3ePU,Beginner Guides (Beginner Guides),26802,2023-08-10,17:47,1067,22.41,-2.25,16.28
AdmiralBumblebee,Learning to script in Reaper - From Absolute Beginner to GUI-based Sidechaining Script,https://www.youtube.com/watch?v=Z-tlfoHeCIc,"Beginner Guides (Beginner Guides, Custom Scripts & Actions)",26473,2019-08-11,39:42,2382,31.18,-28.06,93.08
REAPER Mania,Tempo Mapping in REAPER,https://www.youtube.com/watch?v=8vYqVIIWVQU,Beginner Guides (Beginner Guides),26368,2025-08-09,11:14,674,48.5,4.83,57.9
REAPER Mania,Top Audio Engineer Reveals FREE Magic7 Reverb Secrets in REAPER | The Free Magic7 Reverb in REAPER,https://www.youtube.com/watch?v=m0RxU7w-xEg,Beginner Guides (Beginner Guides),26292,2025-08-09,09:59,599,50.39,-5.84,-62.9
Simon Larkin,Reaper Tutorial- Routing to busses and send effects- Part 1,https://www.youtube.com/watch?v=M_y5wh9kg-c,"Beginner Guides (Beginner Guides, Audio Mixing & Routing)",26263,2016-08-11,16:22,982,114.24,8.02,-20.56
REAPER Mania,Editing JS Plugins in REAPER,https://www.youtube.com/watch?v=pRIFOTiDp7w,JSFX & Plugin DSP (JSFX & Plugin DSP),25419,2019-08-11,10:00,600,72.61,-65.14,-61.72
REAPER Mania,The Automation Basics in REAPER,https://www.youtube.com/watch?v=IBPIjLLnDhk,Beginner Guides (Beginner Guides),25400,2025-08-09,10:43,643,34.49,-70.57,-6.53
The REAPER Blog,nvk_CREATE - Premium ReaScript pack for Pro Sound Designers,https://www.youtube.com/watch?v=hw_LIQZS5LQ,Custom Scripts & Actions (Custom Scripts & Actions),25290,2022-08-10,28:24,1704,66.79,-67.4,94.98
REAPER Mania,The ReEQ FX Plugin in REAPER,https://www.youtube.com/watch?v=V-v_Mp9YeCE,Beginner Guides (Beginner Guides),25288,2026-04-11,16:42,1002,19.33,24.82,54.61
REAPER Mania,Mastering Song Sections in REAPER,https://www.youtube.com/watch?v=T8d9PNafYn0,Mastering & Loudness (Mastering & Loudness),25210,2025-08-09,12:19,739,60.13,-6.12,22.01
Ricky Summer,How I master my music in Reaper 🎵,https://www.youtube.com/watch?v=0AOE1BuCPqI,Mastering & Loudness (Mastering & Loudness),24163,2020-08-10,21:15,1275,62.4,3.81,42.77
Mike Lane - Game Audio,FMOD vs Wwise (Part 1) | Introduction,https://www.youtube.com/watch?v=S7pL4_yN7RY,"Beginner Guides (Beginner Guides, Game Audio & Middleware)",24100,2018-08-11,02:47,167,49.98,35.85,-36.12
Issac Hernandez,Beginner Reaper Tutorial | How To Record Electric Guitar,https://www.youtube.com/watch?v=yuMdR7OGMmc,Beginner Guides (Beginner Guides),24030,2021-08-10,07:11,431,25.45,13.78,-59.22
The REAPER Blog,MIDI Ex Machina - MIDI generator script for REAPER by RobU23,https://www.youtube.com/watch?v=nCqtbqD_ji0,"Custom Scripts & Actions (Custom Scripts & Actions, MIDI Editing & Virtual Instruments)",24018,2017-08-11,11:55,715,62.0,-97.48,33.34
Learning Reaper,Top 10 Reaper Scripts For 2026,https://www.youtube.com/watch?v=iFenC1RMHvw,Beginner Guides (Beginner Guides),23918,2026-02-10,15:28,928,17.16,-43.21,12.86
Your Home Recording,Reaper DAW Tutorial (Part 3) – Track Setup and Signal Routing,https://www.youtube.com/watch?v=Sfn5B770n8I,Audio Mixing & Routing (Audio Mixing & Routing),23891,2019-08-11,08:19,499,97.7,-30.65,-54.76
The REAPER Blog,9 great JSFX Instruments from Saike and Tilr,https://www.youtube.com/watch?v=zQnvBcHK0uE,JSFX & Plugin DSP (JSFX & Plugin DSP),23816,2025-08-09,39:27,2367,62.24,-70.1,-66.92
REAPER Mania,First Settings to Adjust in REAPER 7,https://www.youtube.com/watch?v=MzdO_Yf1rco,Beginner Guides (Beginner Guides),23654,2025-08-09,28:02,1682,15.07,-78.52,-22.43
Adam Steel,Reaper 101 Part 6:- Routing,https://www.youtube.com/watch?v=3Dx4Viba6Kw,Audio Mixing & Routing (Audio Mixing & Routing),23651,2024-08-09,24:10,1450,94.66,-15.58,-21.01
TutorialsFor Reaper,Tutorials For Reaper | FX Menus and Simple Sends Routing | Quick Add FX | AcmeBarGig | Density MKII,https://www.youtube.com/watch?v=2FRrnUVFQcg,Audio Mixing & Routing (Audio Mixing & Routing),23634,2010-08-13,09:56,596,105.56,-13.54,-60.89
REAPER Mania,Mixing Acoustic Guitars in REAPER,https://www.youtube.com/watch?v=yDQQSs7tikE,Audio Mixing & Routing (Audio Mixing & Routing),22763,2024-08-09,14:31,871,93.13,-22.87,14.64
Dominik „Wodzu” Bodzek,Free FabFilter alternative | JS: ReEQ plugin for Reaper | Reaper music production,https://www.youtube.com/watch?v=9YW-ZNqH5xw,"JSFX & Plugin DSP (JSFX & Plugin DSP, Audio Mixing & Routing, MIDI Editing & Virtual Instruments)",22730,2021-08-10,08:47,527,72.94,-102.91,-44.98
X-Raym,Lua Scripting with REAPER 5 - Part. 1: The Console Output,https://www.youtube.com/watch?v=0Dwonn3Pe2Q,Custom Scripts & Actions (Custom Scripts & Actions),22312,2015-08-12,09:57,597,57.03,-53.06,65.52
The REAPER Blog,How to use ReaSurroundPan for Spatial Audio in REAPER (Part 2),https://www.youtube.com/watch?v=vg28Dok2vqQ,Game Audio & Middleware (Game Audio & Middleware),22301,2022-08-10,32:23,1943,73.54,38.22,13.01
Reapertips Plus,How to install scripts (like Global Sampler) in REAPER using ReaPack & SWS,https://www.youtube.com/watch?v=QBFiJzwS7GI,Beginner Guides (Beginner Guides),21898,2024-08-09,13:47,827,24.3,-0.61,90.94
Let's Talk About Reaper,JSFX ReEQ -  Hidden Gems in REAPER,https://www.youtube.com/watch?v=V8sOxLnsPLg,JSFX & Plugin DSP (JSFX & Plugin DSP),21619,2023-08-10,11:38,698,71.15,-49.94,-110.66
REAPER Mania,Quickly Creating FX Sends & Returns in REAPER,https://www.youtube.com/watch?v=ymOpmgjhqFY,Beginner Guides (Beginner Guides),21433,2025-08-09,09:25,565,34.5,-60.14,70.06
Issac Hernandez,I Lost So Much Time In Reaper | Beginner Tutorial,https://www.youtube.com/watch?v=VbyGFV7PeHc,Beginner Guides (Beginner Guides),21122,2021-08-10,09:55,595,22.72,-17.14,-26.71
REAPER Mania,Adding Saturation Plugins in REAPER,https://www.youtube.com/watch?v=lLr06U7icWs,JSFX & Plugin DSP (JSFX & Plugin DSP),20832,2025-09-13,17:26,1046,71.58,-37.92,-76.24
The REAPER Blog,How to use Radial Menu in REAPER - Lokasenna Radial Menu Script,https://www.youtube.com/watch?v=Zs1qkpF8_tE,Custom Scripts & Actions (Custom Scripts & Actions),20652,2018-08-11,08:10,490,76.65,-44.6,120.0
Ricky Summer,How and when to use a BUS or FOLDER in Reaper 🎵,https://www.youtube.com/watch?v=9YgGr5hCe6Q,Audio Mixing & Routing (Audio Mixing & Routing),20573,2020-08-10,20:51,1251,104.84,-24.74,14.59
Eoin Blunnie,These Free Reaper Plugins BLEW MY MIND!,https://www.youtube.com/watch?v=Up70A7rmCr8,JSFX & Plugin DSP (JSFX & Plugin DSP),20284,2022-08-10,06:09,369,68.53,-52.2,-71.22
The REAPER Blog,How To Master + Publish an EP or Album using REAPER and DistroKid,https://www.youtube.com/watch?v=aj9x-TcnS1k,Beginner Guides (Beginner Guides),20097,2022-08-10,26:41,1601,3.1,-1.33,-29.08
The REAPER Blog,Easy Song Rearranging in REAPER,https://www.youtube.com/watch?v=WXZKIk_-Riw,Beginner Guides (Beginner Guides),19803,2014-08-12,08:41,521,-1.0,-52.22,37.48
The REAPER Blog,How I edit and process field recordings entirely in REAPER,https://www.youtube.com/watch?v=oBTpNwHgHZk,Beginner Guides (Beginner Guides),19613,2019-08-11,26:54,1614,24.39,17.96,19.49
REAPER Mania,The Mixer in REAPER,https://www.youtube.com/watch?v=rPdOKMprtxY,Beginner Guides (Beginner Guides),19328,2026-05-11,15:47,947,15.8,-20.99,19.85
REAPER Mania,JS: General Dynamics plugin in REAPER,https://www.youtube.com/watch?v=1AelNJNDDUs,Beginner Guides (Beginner Guides),19068,2022-08-10,11:10,670,41.55,-16.93,12.99
REAPER Mania,Controlling Volume in REAPER,https://www.youtube.com/watch?v=rwltZnG3xrE,Beginner Guides (Beginner Guides),18906,2024-08-09,18:41,1121,21.09,-90.37,19.16
REAPER Mania,Identify the Loudest Peaks in your Mix in REAPER,https://www.youtube.com/watch?v=GmtDvIkykUQ,Beginner Guides (Beginner Guides),18901,2023-08-10,08:13,493,35.53,-0.23,46.99
REAPER Mania,Mixing Electric Guitars - Part I in REAPER,https://www.youtube.com/watch?v=yIxkGwC1Hkk,Audio Mixing & Routing (Audio Mixing & Routing),18875,2024-08-09,12:20,740,88.51,-24.43,-4.85
The REAPER Blog,How to install JS plugins,https://www.youtube.com/watch?v=KIhrxeE3kK0,JSFX & Plugin DSP (JSFX & Plugin DSP),18828,2016-08-11,04:38,278,68.4,-57.44,-46.2
REAPER Mania,Mixing Just Isn't That Important,https://www.youtube.com/watch?v=pGANjbiysRE,Audio Mixing & Routing (Audio Mixing & Routing),18482,2023-08-10,03:15,195,102.6,-4.94,-0.26
The REAPER Blog,The REAPER Blog Q&A # 22 - Normalizing is bad; favorite plugins; mics for podcasting and more,https://www.youtube.com/watch?v=qZ4nwz6f1Pg,JSFX & Plugin DSP (JSFX & Plugin DSP),17983,2017-08-11,12:35,755,79.32,-66.59,-96.03
Narativ,How to Normalize Audio in Reaper | Quick Tutorial,https://www.youtube.com/watch?v=rLj9-SYAoJ8,Beginner Guides (Beginner Guides),17790,2024-08-09,01:17,77,30.18,31.32,-22.07
REAPER Mania,Calculate Loudness (LUFS) with Actions in REAPER,https://www.youtube.com/watch?v=rAns9x_sDG8,Mastering & Loudness (Mastering & Loudness),17626,2022-08-10,10:00,600,76.77,0.97,30.4
The REAPER Blog,"What's New in REAPER v7.46 update - Pin tracks, Solo Bus, tempo envelope curves and more!",https://www.youtube.com/watch?v=MO3gI0f9Tzo,Audio Mixing & Routing (Audio Mixing & Routing),17612,2025-10-13,28:18,1698,115.95,-30.33,12.09
Daniel Kharrat,how to Mix Church Livestream in Reaper and send it to OBS from MR18/M32 (step by step),https://www.youtube.com/watch?v=40Zs2PPaXFo,Audio Mixing & Routing (Audio Mixing & Routing),17163,2024-08-09,46:00,2760,120.0,-27.28,-40.68
Jay Myers Voiceover,How to Set Up REAPER for Voiceover/Audiobook Narration (Beginner) | Tips from a PRO VO,https://www.youtube.com/watch?v=a_FbkRguEV4,"Beginner Guides (Beginner Guides, Custom Scripts & Actions)",16804,2025-08-09,29:57,1797,38.76,-41.52,99.19
REAPER Mania,The Best FX Plugins Hidden in REAPER - Part 2,https://www.youtube.com/watch?v=OEsU9lhInkk,JSFX & Plugin DSP (JSFX & Plugin DSP),16787,2025-12-12,13:33,813,80.06,-43.42,-96.96
DjangoZa,Routing in REAPER Explained,https://www.youtube.com/watch?v=DgyRfJd9Lto,Audio Mixing & Routing (Audio Mixing & Routing),16672,2019-08-11,18:53,1133,106.04,-34.23,-27.7
Akash Thakkar,Reaper for Game Audio | Part 4 - Working With Tracks,https://www.youtube.com/watch?v=wkWhuf3IxVo,Game Audio & Middleware (Game Audio & Middleware),16331,2020-08-10,17:49,1069,82.01,50.3,13.43
Let's Talk About Reaper,The REAPER Routing Matrix Demystified,https://www.youtube.com/watch?v=oH9ul6jLkKg,Audio Mixing & Routing (Audio Mixing & Routing),15759,2022-08-10,06:26,386,96.34,1.83,-20.07
SuperMetalBro,How to Route GGD Modern and Massive in Reaper,https://www.youtube.com/watch?v=B53E4t9PKeY,Beginner Guides (Beginner Guides),15587,2024-08-09,14:59,899,-8.65,-10.93,-2.24
REAPER Mania,Fastest Way to Create Tracks in REAPER,https://www.youtube.com/watch?v=f_ARf-CLAQY,Beginner Guides (Beginner Guides),15530,2023-08-10,10:45,645,8.97,-8.93,-0.74
The REAPER Blog,Recording song sections with Fixed Item Lanes - REAPER 7,https://www.youtube.com/watch?v=V48KvUO40Qs,Beginner Guides (Beginner Guides),15522,2024-08-09,06:08,368,27.01,-21.93,-94.57
IDDQD Sound,Generating Gain Riding Automation with SWS Loudness tool (Rapid-Fire REAPER Tutorial 101),https://www.youtube.com/watch?v=CqUSI3S7O7Y,Mastering & Loudness (Mastering & Loudness),15493,2022-08-10,12:50,770,82.43,13.58,26.4
Ballast Media,Two Audio Device Outputs from Reaper - Make My Livestream Sound Better,https://www.youtube.com/watch?v=b5DfhunRs6o,Beginner Guides (Beginner Guides),15427,2024-08-09,09:08,548,48.58,3.61,-4.15
urbster1,REAPER Mixer Routing Tutorial,https://www.youtube.com/watch?v=c0JlsXBXklc,Audio Mixing & Routing (Audio Mixing & Routing),14958,2011-08-13,05:40,340,114.18,-26.22,-17.65
The Ultimate Mixdown,Introduction to Beat Making in REAPER - Full Tutorial,https://www.youtube.com/watch?v=rmK5v47gN5c,Beginner Guides (Beginner Guides),14829,2024-08-09,48:02,2882,22.3,-0.72,-37.24
resington,Mastering Metal With Reaper Stock Plugins - Explained,https://www.youtube.com/watch?v=GHIMHaiN5g8,"JSFX & Plugin DSP (JSFX & Plugin DSP, Mastering & Loudness)",14805,2024-08-09,09:22,562,72.4,-5.98,-71.9
The REAPER Blog,What's New in REAPER 7.71 - Non-destructive sample editing and more,https://www.youtube.com/watch?v=r4bDyLZ9V8A,Beginner Guides (Beginner Guides),14777,2026-05-11,29:01,1741,6.68,-29.53,50.56
The REAPER Blog,Auto Phase Align Multi-track Drums in REAPER 7.40,https://www.youtube.com/watch?v=kO_4a2v8h2M,Beginner Guides (Beginner Guides),14723,2025-08-09,05:58,358,3.84,-40.22,-31.33
The REAPER Blog,New features in REAPER 7.48 - Low Pass Item Fade; save/load latch presets and more,https://www.youtube.com/watch?v=_bfBMld2WlA,Beginner Guides (Beginner Guides),14547,2025-10-13,30:45,1845,8.78,-9.77,76.98
Akash Thakkar,Should You Learn FMOD or Wwise? | Game Audio FAQs,https://www.youtube.com/watch?v=f3C2Yxov7bY,Game Audio & Middleware (Game Audio & Middleware),14361,2019-08-11,01:02,62,72.44,61.36,-8.83
Mike Lane - Game Audio,FMOD vs Wwise (Part 2) | How to integrate FMOD with Unreal Engine 4,https://www.youtube.com/watch?v=smiSKOtfLn8,Game Audio & Middleware (Game Audio & Middleware),14248,2018-08-11,05:43,343,63.77,71.07,-34.98
REAPER Mania,The Master Track in REAPER,https://www.youtube.com/watch?v=ct8jJf_Lgeg,Beginner Guides (Beginner Guides),14206,2026-05-11,09:34,574,7.75,-20.91,-43.72
The Ultimate Mixdown,"Producing Beats in REAPER - As Easy as FL Studio, Logic, and Pro Tools!",https://www.youtube.com/watch?v=bsuCiLz1lTo,Beginner Guides (Beginner Guides),13931,2023-08-10,14:56,896,1.51,-71.96,28.9
The REAPER Blog,WT Graphical Sends Script,https://www.youtube.com/watch?v=WrG8vSRA39Y,Custom Scripts & Actions (Custom Scripts & Actions),13882,2026-02-10,13:14,794,72.3,-49.19,97.41
The REAPER Blog,"What's New in REAPER v7.62 - HUGE Ruler, Regions, and Markers overhaul!",https://www.youtube.com/watch?v=k4vVmwKJciI,Beginner Guides (Beginner Guides),13706,2026-03-12,29:44,1784,4.85,2.55,42.81
The REAPER Blog,What's New in REAPER 7.75 – Mixer slots and sample edit spectral repair,https://www.youtube.com/watch?v=s2nqaqjY45U,Beginner Guides (Beginner Guides),13620,2026-07-10,22:29,1349,6.61,-22.15,27.32
REAPER Mania,How to Watch My REAPER Videos (New Users),https://www.youtube.com/watch?v=rzWzQjImz6s,Beginner Guides (Beginner Guides),13250,2024-08-09,03:41,221,18.49,-32.16,66.78
The REAPER Blog,Customizing the MIDI toolbar,https://www.youtube.com/watch?v=67TYzMZCTfE,"Custom Scripts & Actions (Custom Scripts & Actions, MIDI Editing & Virtual Instruments)",13239,2016-08-11,06:48,408,57.76,-85.57,35.6
REAPER Mania,How to Dock Your Meters in REAPER,https://www.youtube.com/watch?v=iPZ3SHg6iCo,Beginner Guides (Beginner Guides),12605,2026-06-10,12:59,779,33.1,-15.35,-0.29
Adam Steel,Reaper 101 Part 9:- Automation,https://www.youtube.com/watch?v=HrwZrh5pZSw,Beginner Guides (Beginner Guides),12337,2024-08-09,12:18,738,28.91,-65.38,7.55
LinuxCreative,Thousands of Free Open Source Plugins You Should Be Using (REAPER JSFX on Any DAW),https://www.youtube.com/watch?v=evGXJJ-rwdw,JSFX & Plugin DSP (JSFX & Plugin DSP),12104,2023-08-10,11:07,667,85.37,-61.55,-65.95
BABYWOLF CAM,Reaper Video Editor Quickstart Guide - The Best Video Editor for Music,https://www.youtube.com/watch?v=dKmehb8Cr1M,Beginner Guides (Beginner Guides),11766,2023-08-10,09:53,593,36.74,-71.02,-38.04
The REAPER Blog,What's New in REAPER 7.66 - the FFMPEG Update and more,https://www.youtube.com/watch?v=zSzHbDvJMZ8,Beginner Guides (Beginner Guides),11702,2026-04-11,20:07,1207,19.52,-10.93,42.61
REAPER Mania,Delay Throws Demystified: A Step-by-Step REAPER Tutorial 2025 | Creating Delay Throws in REAPER,https://www.youtube.com/watch?v=i4MiFG1y7Kc,Beginner Guides (Beginner Guides),11469,2025-08-09,06:32,392,49.9,-59.12,-7.29
The REAPER Blog,How I make a REAPER Blog Video - my recording and streaming setup explained,https://www.youtube.com/watch?v=DRB3YUrg0wk,Beginner Guides (Beginner Guides),11347,2020-08-10,17:35,1055,27.33,-43.28,-53.87
Home Music Maker,"REAPER Master Meter Beginners Guide! ( Plus, Master VU Settings)",https://www.youtube.com/watch?v=8CUIBd7LFvo,Beginner Guides (Beginner Guides),11165,2022-08-10,12:58,778,-6.15,-13.04,-53.7
The REAPER Blog,What's New in REAPER v 5.965,https://www.youtube.com/watch?v=znBePNVS_To,Beginner Guides (Beginner Guides),11049,2019-08-11,15:38,938,15.45,-22.29,48.98
Carlos Eiene,Interactive Game Music Basics in Reaper & Wwise - Demo by Carlos Eiene,https://www.youtube.com/watch?v=wnJH022Z6Mg,"Beginner Guides (Beginner Guides, Game Audio & Middleware)",10786,2021-08-10,41:29,2489,63.14,24.73,-62.97
Rob van Hees,Easy Loudness Analysis in Reaper,https://www.youtube.com/watch?v=-oGxCEEgOGs,Mastering & Loudness (Mastering & Loudness),10667,2015-08-12,02:16,136,70.74,12.77,39.08
The REAPER Blog,How to use REAPER Theme Replacer,https://www.youtube.com/watch?v=qXJ-2GBzNSw,Beginner Guides (Beginner Guides),10582,2026-04-11,13:05,785,47.35,-32.97,5.65
The REAPER Blog,"What's New in REAPER 7.74 - Multi-Mono/Stereo FX Containers, sample edit improvements and more!",https://www.youtube.com/watch?v=re2beb2asQU,Beginner Guides (Beginner Guides),10574,2026-07-10,30:49,1849,2.17,-28.36,17.46
nvk tools,nvk_WORKFLOW - An Extremely Fast Game Audio Workflow in REAPER,https://www.youtube.com/watch?v=6VgYeTqspUM,"Custom Scripts & Actions (Custom Scripts & Actions, Game Audio & Middleware)",10491,2021-08-10,05:43,343,94.32,-39.89,76.03
Frightbox Recording,Mixing In Reaper: Submixes and Routing,https://www.youtube.com/watch?v=dkHQD2CyIm4,Audio Mixing & Routing (Audio Mixing & Routing),10413,2021-08-10,13:15,795,99.29,-19.81,-3.25
Brothers in Metal,REAPER: No BS guide to setting up and editing video(beginners),https://www.youtube.com/watch?v=Jf5goHrZLPE,Custom Scripts & Actions (Custom Scripts & Actions),10282,2021-08-10,07:17,437,75.03,-80.44,61.41
The REAPER Blog,"Hard to say, fun to play Stochasticizer MIDI Sequencer JSFX plugin for REAPER",https://www.youtube.com/watch?v=znnYVDC-HKc,"JSFX & Plugin DSP (JSFX & Plugin DSP, MIDI Editing & Virtual Instruments)",10187,2019-08-11,14:38,878,66.67,-89.32,-52.58
Richard Savage Voice,Don't Overcomplicate It: Easy Reaper Setup for Voice Actors,https://www.youtube.com/watch?v=6CtVZtETgC0,Beginner Guides (Beginner Guides),10113,2025-09-13,16:04,964,-7.31,-39.08,42.46
Mike Lane - Game Audio,FMOD vs Wwise (Part 4) | Creating footsteps in FMOD | Tutorial,https://www.youtube.com/watch?v=3xVcA-TSpk4,Game Audio & Middleware (Game Audio & Middleware),10111,2018-08-11,21:39,1299,63.45,77.45,-13.16
Akash Thakkar,Reaper for Game Audio | Part 10 - Exporting,https://www.youtube.com/watch?v=u77AKWZTWz4,Game Audio & Middleware (Game Audio & Middleware),10045,2021-08-10,20:15,1215,78.71,48.63,-6.25
Dawn Shift Audio,Ultimate Reaper Setup Guide!,https://www.youtube.com/watch?v=VQSqrKo8WDc,Custom Scripts & Actions (Custom Scripts & Actions),10034,2025-12-12,17:18,1038,68.88,-67.46,62.31
Adam Steel,Reaper 101 Part 8:- VSTi Drum Routing,https://www.youtube.com/watch?v=slunVQnwvQI,"Audio Mixing & Routing (Audio Mixing & Routing, MIDI Editing & Virtual Instruments)",9733,2024-08-09,22:04,1324,95.13,-62.99,-17.54
ReaperTV,Reaper Tutorial: Creating Track Templates,https://www.youtube.com/watch?v=wQX81as3oTA,Custom Scripts & Actions (Custom Scripts & Actions),9370,2015-08-12,06:25,385,71.3,-43.53,77.8
Daniel's Tech World,Using Reaper DAW on Ubuntu Linux (Demo),https://www.youtube.com/watch?v=TFZQwe4uT78,Beginner Guides (Beginner Guides),9320,2023-08-10,05:25,325,40.19,-28.25,-15.28
Mr Weber,How do I make my recording the right volume in Reaper? A Limiter on the Master Bus,https://www.youtube.com/watch?v=Pd5OUWPpYD0,"Audio Mixing & Routing (Audio Mixing & Routing, Mastering & Loudness)",9304,2022-08-10,03:05,185,87.73,-9.64,-45.79
Elias Uribe,HOW TO LIMIT AND MEASURE LUFS? | HOW TO MASTER IN REAPER #4,https://www.youtube.com/watch?v=hKP972VbtPI,Mastering & Loudness (Mastering & Loudness),9204,2022-08-10,13:14,794,73.24,-12.79,37.33
UNdark REAPER DAW CSI.,Reaper DAW - CSI Install and basic programming,https://www.youtube.com/watch?v=U7idVWp7WV0,Beginner Guides (Beginner Guides),9090,2021-08-10,12:22,742,39.22,15.9,-47.47
REAPER Mania,A Faster Way to Add FX in REAPER,https://www.youtube.com/watch?v=IF766VOmd2M,Beginner Guides (Beginner Guides),9051,2026-07-10,14:41,881,0.0,30.91,14.07
The REAPER Blog,MIDI Triggered Gate JSFX for REAPER,https://www.youtube.com/watch?v=mvJg8ja5WkM,"JSFX & Plugin DSP (JSFX & Plugin DSP, MIDI Editing & Virtual Instruments)",9046,2020-08-10,08:38,518,66.14,-92.19,-35.32
IDDQD Sound,Let's learn Scripting in REAPER Ep00: Series Overview (with Leandro Facchinetti),https://www.youtube.com/watch?v=p8V_rZkOTKc,Beginner Guides (Beginner Guides),8820,2021-08-10,09:10,550,48.06,-10.17,93.9
REAPER Mania,Recording into MegaBaby in REAPER,https://www.youtube.com/watch?v=4QxG1MNj4Qs,Beginner Guides (Beginner Guides),8752,2026-07-10,17:14,1034,25.41,-22.45,-54.87
IDDQD Sound,Let's learn scripting in REAPER Ep01: Reading Scripts Basics (with Leandro Facchinetti),https://www.youtube.com/watch?v=TseWlyVZEM4,"Beginner Guides (Beginner Guides, Custom Scripts & Actions)",8741,2021-08-10,11:35,695,45.96,-23.61,92.55
Akash Thakkar,Reaper for Game Audio | Part 12 - Reaper & FMOD,https://www.youtube.com/watch?v=4xWPcS6v_6A,Game Audio & Middleware (Game Audio & Middleware),8733,2021-08-10,09:22,562,70.0,45.68,-5.43
The REAPER Blog,Moving Camera Effect - Manual Motion Tracking Video in REAPER,https://www.youtube.com/watch?v=lE8mGsBRJP4,Beginner Guides (Beginner Guides),8486,2020-08-10,14:48,888,38.17,-57.61,-55.94
The REAPER Blog,Make your own toolbox in REAPER,https://www.youtube.com/watch?v=V7X5xiIsFeE,Beginner Guides (Beginner Guides),8436,2025-08-09,16:27,987,43.7,-7.92,-10.9
The REAPER Blog,Video Podcast Production in REAPER,https://www.youtube.com/watch?v=y2SRQh-GKGE,Beginner Guides (Beginner Guides),8427,2022-08-10,22:11,1331,9.29,14.04,-67.7
IDDQD Sound,How to Download & Import Custom Scripts in Reaper (Rapid-Fire Tutorials Ep47),https://www.youtube.com/watch?v=LGkB9EOn3sE,Beginner Guides (Beginner Guides),8138,2021-08-10,03:27,207,48.82,-27.93,39.19
Lewis Gale,Reaper multitrack recording - routing matrix,https://www.youtube.com/watch?v=-i2E_Q3E4FM,Audio Mixing & Routing (Audio Mixing & Routing),7999,2023-08-10,05:30,330,99.41,-3.28,-41.68
The REAPER Blog,Advanced Game Audio SFX Render Workflow,https://www.youtube.com/watch?v=p7mvLzrfcfo,"Custom Scripts & Actions (Custom Scripts & Actions, Game Audio & Middleware, Mastering & Loudness)",7970,2016-08-11,09:33,573,87.95,-27.2,76.45
Tom Coote,Make a Jesusonic JSFX Plugin in Reaper,https://www.youtube.com/watch?v=A7rLh7-wp5g,JSFX & Plugin DSP (JSFX & Plugin DSP),7630,2022-08-10,14:48,888,53.8,-58.35,-91.36
Jon Meyer Music,My Mastering Workflow In Reaper,https://www.youtube.com/watch?v=cy0VoNIZV08,"Custom Scripts & Actions (Custom Scripts & Actions, Mastering & Loudness)",7591,2022-08-10,12:50,770,80.25,-28.48,60.36
The REAPER Blog,How to use REAPER Toolbar Creator,https://www.youtube.com/watch?v=y4HNQovs3BY,Beginner Guides (Beginner Guides),7581,2025-12-12,10:18,618,55.72,-34.49,4.03
The REAPER Blog,REAPER Blog Q & A # 10 | OMF; Peak files; spotting sfx; limiting,https://www.youtube.com/watch?v=xK4coA3_SX4,Beginner Guides (Beginner Guides),7447,2016-08-11,06:59,419,20.41,-52.93,-4.04
The REAPER Blog,"REAPER Fast Edit mode, Producing like Carpenter Brut, Combining mics - REAPER Blog Q&A # 37",https://www.youtube.com/watch?v=T1Vjos3-7Tw,Beginner Guides (Beginner Guides),7287,2020-08-10,15:57,957,20.31,-54.98,-30.37
REAPER Mania,"Markers, Regions and Lanes in REAPER - Part 1",https://www.youtube.com/watch?v=XBH0UUg4Rns,Beginner Guides (Beginner Guides),7051,2026-04-11,10:51,651,7.53,14.18,36.85
The REAPER Blog and Joel Schwartz,He automated all the boring parts of being a composer,https://www.youtube.com/watch?v=M9vHEf99-eM,Custom Scripts & Actions (Custom Scripts & Actions),6810,2026-06-10,01:01:34,3694,70.65,-59.19,80.64
The REAPER Blog,REAPER workflow tips from the community,https://www.youtube.com/watch?v=w0Y1YHawfwU,Custom Scripts & Actions (Custom Scripts & Actions),6686,2016-08-11,09:56,596,78.97,-57.97,84.09
REAPER Mania,Recording and Comping and Lanes in REAPER,https://www.youtube.com/watch?v=5YwwJ4ouvoM,Beginner Guides (Beginner Guides),6653,2025-08-09,03:10,190,16.94,-19.81,-93.62
The REAPER Blog,"What's New in REAPER v5.29 | ReaScript editor custom colors, video functions, Gain Reduction Scope",https://www.youtube.com/watch?v=4Y1xHqMkuek,Custom Scripts & Actions (Custom Scripts & Actions),6533,2017-08-11,09:46,586,70.45,-92.73,83.12
LKC Tools,Grim Sync - Advanced REAPER to Wwise bridge system - World Premiere,https://www.youtube.com/watch?v=0hFxBcwi_1k,"Beginner Guides (Beginner Guides, Game Audio & Middleware, Mastering & Loudness)",6287,2023-08-10,30:07,1807,59.32,19.88,-33.44
The REAPER Blog and Joel Schwartz,Getting Started Media Composing in REAPER with Joel Schwartz,https://www.youtube.com/watch?v=YqyFl7PhLn8,Beginner Guides (Beginner Guides),6123,2026-05-11,50:08,3008,7.64,-52.7,-78.11
Henry Scott,FMOD Studio 2.0 & Reaper | How To Link A Reaper Project To FMOD Studio,https://www.youtube.com/watch?v=wIjHxFMwz5E,Game Audio & Middleware (Game Audio & Middleware),6013,2019-08-11,13:21,801,53.54,57.21,5.73
Richard Savage Voice,Edit Voice Over in Reaper in Just 10 Minutes!,https://www.youtube.com/watch?v=y7Fosn9Wpmw,Beginner Guides (Beginner Guides),5933,2025-10-13,10:52,652,13.26,-48.26,31.68
REAPER Mania,Soloing Items for Playback in REAPER,https://www.youtube.com/watch?v=gI7gMhKmFxY,Beginner Guides (Beginner Guides),5827,2026-03-12,09:38,578,34.73,-33.19,6.4
Tomy Xendat,19  The Routing Matrix : Introduction To Reaper,https://www.youtube.com/watch?v=p5vIZ7qz0AI,"Beginner Guides (Beginner Guides, Audio Mixing & Routing)",5636,2015-08-12,04:43,283,106.73,12.81,-24.41
Simon Larkin,Reaper Tutorial- My Mastering Workflow,https://www.youtube.com/watch?v=GjGuLtKYhaQ,"Custom Scripts & Actions (Custom Scripts & Actions, Mastering & Loudness)",5547,2018-08-11,11:24,684,73.54,-30.65,58.57
Jeff Kaiser,12: Intro to Surround Sound Mixing using ReaSurroundPan - Two-Minute (or so) Tutorials for Reaper,https://www.youtube.com/watch?v=coqzD65Oj-U,"Beginner Guides (Beginner Guides, Audio Mixing & Routing)",5521,2024-08-09,02:37,157,107.28,17.53,-5.71
Dawn Shift Audio,"Ultimate Reaper Routing – Folders, Buses & Sends Explained",https://www.youtube.com/watch?v=oVu0f5e6JDk,Audio Mixing & Routing (Audio Mixing & Routing),5459,2026-01-11,23:46,1426,112.71,-45.67,-21.66
Narativ,How to Make Audio Louder in Reaper without Clipping | Tutorial,https://www.youtube.com/watch?v=yCkjmUqVe6E,Beginner Guides (Beginner Guides),5280,2024-08-09,04:26,266,57.97,-10.93,-33.57
LKC Tools,How to use ReaOpen with Wwise and FMOD (Free REAPER Script),https://www.youtube.com/watch?v=LIWxbkcT25s,"Custom Scripts & Actions (Custom Scripts & Actions, Game Audio & Middleware)",5273,2021-08-10,05:30,330,87.94,-44.92,94.24
That1Butler,The ONLY Reaper Guide You Need to Hit Grandmaster/Champion,https://www.youtube.com/watch?v=COf2oIFLOkY,Beginner Guides (Beginner Guides),5056,2026-06-10,16:11,971,27.53,-52.34,34.27
X-Raym,Lua Scripting with REAPER 5 - Part. 3: Get/Set First Selected Items Properties,https://www.youtube.com/watch?v=_D812H8x2OI,Custom Scripts & Actions (Custom Scripts & Actions),5005,2015-08-12,14:13,853,52.06,-68.77,66.93
A Distorted Perception Studio,Reaper Tutorial: Routing Drums in Kontakt,https://www.youtube.com/watch?v=OIcTnME2bWQ,Audio Mixing & Routing (Audio Mixing & Routing),4682,2024-08-09,09:32,572,110.23,-15.78,-2.66
IDDQD Sound,JSFX Scripting tutorial for beginners Pt. 1 (With Leandro Facchinetti),https://www.youtube.com/watch?v=HexzW0EZal8,"Custom Scripts & Actions (Custom Scripts & Actions, JSFX & Plugin DSP)",4672,2021-08-10,02:06:34,7594,73.15,-49.32,23.93
Reaper Tutorials,Loading ReaScripts | Reaper Tutorials,https://www.youtube.com/watch?v=hpZ_Bu0uvk8,Beginner Guides (Beginner Guides),4587,2020-08-10,03:11,191,40.33,-23.37,37.73
Michael W. Bell,Surround Acronyms in FMOD Studio,https://www.youtube.com/watch?v=zHbWxTlZilI,Game Audio & Middleware (Game Audio & Middleware),4570,2023-08-10,02:32,152,62.08,47.8,13.75
Makketronix,Setup Python For Scripting In Reaper,https://www.youtube.com/watch?v=kGAPAHZK-v4,Custom Scripts & Actions (Custom Scripts & Actions),4435,2023-08-10,02:19,139,66.28,-53.87,65.62
X-Raym,ReaScript Demo - Create seamless loops from selected items with REAPER,https://www.youtube.com/watch?v=yjGDW4wVkEQ,Custom Scripts & Actions (Custom Scripts & Actions),4224,2016-08-11,01:10,70,55.79,-82.61,80.18
ABPmusic,GUITAR TO SYNTH // Pitch Follower // REAPER JSFX plugin,https://www.youtube.com/watch?v=rZQcvrBn_OY,"JSFX & Plugin DSP (JSFX & Plugin DSP, Vocal Processing & Tuning)",4092,2017-08-11,01:18,78,60.11,-29.58,-120.0
Let's Talk About Reaper,Improved Routing with Buss Driver!,https://www.youtube.com/watch?v=yxzDPoQTwJ0,Audio Mixing & Routing (Audio Mixing & Routing),3982,2022-08-10,07:21,441,96.86,-36.05,2.2
pipelineaudio,REAPER Tutorial 5 - Multichannel Routing (updated),https://www.youtube.com/watch?v=sbZ00ATJajY,Audio Mixing & Routing (Audio Mixing & Routing),3960,2009-08-13,03:57,237,109.61,-18.27,-36.95
Philip Babin,Routing in REAPER for immersive Audio Production,https://www.youtube.com/watch?v=7Pby6ttb1rk,Audio Mixing & Routing (Audio Mixing & Routing),3934,2021-08-10,08:09,489,106.59,-32.89,-5.2
The REAPER Blog,"The REAPER Blog Q&A #20 | 10,000 subscribers; switching from Pro Tools; plugin bundles and more",https://www.youtube.com/watch?v=VSECTJMWfg4,JSFX & Plugin DSP (JSFX & Plugin DSP),3772,2017-08-11,11:06,666,53.86,-38.47,-93.79
The REAPER Blog,The REAPER Blog Q&A # 21 | snap to frame; bypass all fx; reference tracks and more,https://www.youtube.com/watch?v=05JolSmj87c,Beginner Guides (Beginner Guides),3555,2017-08-11,06:29,389,15.02,-32.11,-11.6
IDDQD Sound,Delta Solo in REAPER Demystified! (Rapid-Fire REAPER Tutorials Ep91),https://www.youtube.com/watch?v=xxYuM0bpFew,Beginner Guides (Beginner Guides),3417,2022-08-10,05:14,314,45.39,-20.04,54.22
Simon Larkin,Reaper Tutorial- Routing busses and send effects- Part 2.1,https://www.youtube.com/watch?v=mNZVsgwYllA,Audio Mixing & Routing (Audio Mixing & Routing),3400,2016-08-11,25:13,1513,114.76,-7.31,-21.31
La Cabaña Estudio,Lo más BÁSICO de REAPER  (Tutorial al grano),https://www.youtube.com/watch?v=myI8StX_Us0,Beginner Guides (Beginner Guides),3342,2025-10-13,09:05,545,19.79,2.79,-10.69
Home Brew Audio,Save Audio To Target Loudness In Reaper,https://www.youtube.com/watch?v=rBsWKJkDtBg,Mastering & Loudness (Mastering & Loudness),3273,2022-08-10,03:18,198,72.08,13.98,19.24
Tom Coote,Make your first Jesusonic JSFX Delay Plugin in Reaper,https://www.youtube.com/watch?v=USN0Y2VReSo,JSFX & Plugin DSP (JSFX & Plugin DSP),3251,2022-08-10,24:00,1440,52.68,-52.82,-75.45
The REAPER Blog,"Horror door sound design, MIDI Editor tips, and Automation - REAPER Blog Q&A # 34",https://www.youtube.com/watch?v=E5HYOdrW_Bo,"Game Audio & Middleware (Game Audio & Middleware, MIDI Editing & Virtual Instruments)",3107,2019-08-11,17:39,1059,86.37,38.18,-51.87
Sky River Sound,"Sound Design & Implementation - Workflow with Reaper, Wwise & Unity",https://www.youtube.com/watch?v=x9DNKIySca4,"Custom Scripts & Actions (Custom Scripts & Actions, Game Audio & Middleware)",3087,2020-08-10,11:17,677,92.19,-55.47,76.56
AdmiralBumblebee,DIY - Sample Accurate Automation in Reaper with JSFX,https://www.youtube.com/watch?v=6Yz2vWxhcbM,JSFX & Plugin DSP (JSFX & Plugin DSP),3057,2019-08-11,02:46,166,66.26,-63.5,-101.9
REAPER for Voice Talent,AddOns and VST's - Windows - REAPER DAW Tutorial,https://www.youtube.com/watch?v=z4WtS4bgzok,MIDI Editing & Virtual Instruments (MIDI Editing & Virtual Instruments),3032,2020-08-10,15:46,946,49.22,-95.69,-12.49
mark berg,Fmod Sound Design & Implementation Reel • mark berg,https://www.youtube.com/watch?v=-1rGBKQx4x4,Game Audio & Middleware (Game Audio & Middleware),2836,2022-08-10,03:25,205,77.99,33.41,-33.42
X-Raym,Programmed Light Show in Sync with Music from REAPER - Custom JSFX Demo - CRMX Pavotube,https://www.youtube.com/watch?v=_eEyN1UXOxQ,JSFX & Plugin DSP (JSFX & Plugin DSP),2767,2024-08-09,00:27,27,58.64,-55.1,-112.73
ABPmusic,PITCH-MATCHING VOCODER // Pitch Follower // REAPER JSFX plugin,https://www.youtube.com/watch?v=DJ_fNW3Rz6Y,"Beginner Guides (Beginner Guides, JSFX & Plugin DSP, Vocal Processing & Tuning)",2747,2017-08-11,05:02,302,56.3,-19.91,-119.82
Marcelo Fernández,Cómo CREAR EFECTOS en REAPER | FREE JSFX DELAY FX,https://www.youtube.com/watch?v=VvJHrLlm4RA,JSFX & Plugin DSP (JSFX & Plugin DSP),2730,2025-08-09,12:41,761,60.08,-51.43,-61.87
The REAPER Blog,Too many questions - The REAPER Blog Q&A #33,https://www.youtube.com/watch?v=QCnFzXAZgTQ,Beginner Guides (Beginner Guides),2711,2019-08-11,19:02,1142,18.93,-36.06,-34.18
NRQ's Studio,Advanced routing - Cockos Reaper DAW,https://www.youtube.com/watch?v=UuamuK-Rdh0,Audio Mixing & Routing (Audio Mixing & Routing),2709,2018-08-11,02:49,169,90.18,-41.87,-15.58
The REAPER Blog,The REAPER Blog Q&A #18 || $150 audio interfaces; Recording Takes; Acoustic Clouds and more,https://www.youtube.com/watch?v=AL4bTfe4pfs,Beginner Guides (Beginner Guides),2627,2017-08-11,08:07,487,40.02,-30.65,-81.16
Henry Scott,FMOD Studio 2.0 & Reaper | How To Import Reaper Timelines As FMOD Events,https://www.youtube.com/watch?v=n0t0CTnzcHA,Game Audio & Middleware (Game Audio & Middleware),2576,2019-08-11,13:22,802,56.3,61.71,-14.5
Henry Scott,FMOD & Unity | Adding Game Sounds | Part 5 - Your Comments & Feedback,https://www.youtube.com/watch?v=XSsQwKse0W4,Game Audio & Middleware (Game Audio & Middleware),2515,2019-08-11,32:14,1934,78.03,69.12,16.85
Julio Carreño,Aprende REASCRIPT y COMIENZA el camino para la MAXIMA Configuración de REAPER 😱,https://www.youtube.com/watch?v=cFkzPC-jW5k,Custom Scripts & Actions (Custom Scripts & Actions),2496,2023-08-10,20:07,1207,69.54,-80.26,105.12
IDDQD Sound,"Let’s learn scripting in REAPER Ep02: Functions, Arguments, Returns & Variables",https://www.youtube.com/watch?v=hgx0btZuAas,Custom Scripts & Actions (Custom Scripts & Actions),2489,2021-08-10,20:25,1225,60.87,-36.33,69.01
Mike Lane - Game Audio,FMOD vs Wwise (Part 10) | What about Elias?,https://www.youtube.com/watch?v=Y6r_vtu61Jc,Game Audio & Middleware (Game Audio & Middleware),2446,2018-08-11,06:25,385,72.25,74.44,-21.84
Damion Sheppard,FMOD Studio -  Procedural Music Experiment,https://www.youtube.com/watch?v=UBce3Z87uyI,Game Audio & Middleware (Game Audio & Middleware),2336,2017-08-11,05:09,309,63.34,61.75,2.16
X-Raym,Lua Scripting with REAPER 5 - Part. 6: Time Selection,https://www.youtube.com/watch?v=MROEX9MqJHc,Custom Scripts & Actions (Custom Scripts & Actions),2181,2015-08-12,09:29,569,53.65,-52.0,84.34
The REAPER Blog,"The REAPER Blog Q&A #25 | Making plugins, REAPER video features, destructive editing and more",https://www.youtube.com/watch?v=FCxS8iqyxAo,JSFX & Plugin DSP (JSFX & Plugin DSP),2174,2018-08-11,09:29,569,78.38,-78.39,-73.38
X-Raym,ReaScript Demo: Stutter Edit Selected Items with REAPER,https://www.youtube.com/watch?v=Uz09ifB7atg,Custom Scripts & Actions (Custom Scripts & Actions),2076,2016-08-11,00:35,35,58.04,-81.28,96.01
Marc Hasselbalch,Introducing ReaperToWwise 1.0,https://www.youtube.com/watch?v=tp4WfHSHacE,"Beginner Guides (Beginner Guides, Custom Scripts & Actions)",2071,2025-08-09,06:40,400,38.9,-32.37,90.79
Dom Mcsweeney / Doom Plugs,Is it possible to use Reaper's JSFX in any DAW? YSFX!,https://www.youtube.com/watch?v=PlXGl3ylk7Q,JSFX & Plugin DSP (JSFX & Plugin DSP),2036,2022-08-10,00:53,53,69.43,-68.6,-82.74
The REAPER Blog,REAPER Blog Q & A # 8 | export mp3; print multichannel VSTi; disable all plugins,https://www.youtube.com/watch?v=lSIu7OHoafc,"JSFX & Plugin DSP (JSFX & Plugin DSP, MIDI Editing & Virtual Instruments)",1972,2016-08-11,04:38,278,75.36,-85.16,-42.85
X-Raym,Lua Scripting with REAPER 5 - Part. 8: Using Native Actions,https://www.youtube.com/watch?v=tYSyccFFbmU,Custom Scripts & Actions (Custom Scripts & Actions),1954,2015-08-12,02:16,136,60.62,-63.19,76.6
Amner Hunter,REAPER Daw Tutorial For Beginners - Making Music with FREE Vst Plugins - Programming Drums (Part 2),https://www.youtube.com/watch?v=V_YW6sNw7V8,"JSFX & Plugin DSP (JSFX & Plugin DSP, MIDI Editing & Virtual Instruments)",1934,2022-08-10,13:07,787,74.06,-80.48,-19.22
Sound Codex,Introduction to REAPER DAW for Absolute Beginners,https://www.youtube.com/watch?v=2yXg5gCA4SA,Beginner Guides (Beginner Guides),1880,2023-08-10,32:34,1954,29.66,-96.46,-44.41
Robert Gregory Browne,Track Template and Sends Script for Reaper,https://www.youtube.com/watch?v=V3vY2cV_H54,Custom Scripts & Actions (Custom Scripts & Actions),1755,2023-08-10,01:55,115,74.64,-36.08,96.5
Bobby Moen,Four Custom Reaper Actions for Game Audio,https://www.youtube.com/watch?v=NEsG2lf32a4,"Custom Scripts & Actions (Custom Scripts & Actions, Game Audio & Middleware)",1690,2022-08-10,10:12,612,86.43,-43.44,76.49
Christopher Marlowe Production,FREE Crazy Modular Delay JSFX for Reaper Users - Saike's Reflectosaurus,https://www.youtube.com/watch?v=SCukvfDPYk8,JSFX & Plugin DSP (JSFX & Plugin DSP),1683,2021-08-10,11:12,672,56.07,-63.4,-53.65
Your Home Recording,Reaper DAW Tutorial (Part 9) – Automation,https://www.youtube.com/watch?v=h3xmVteY5DE,Beginner Guides (Beginner Guides),1673,2019-08-11,06:27,387,33.31,-31.72,-33.0
Audiokinetic,Strata and ReaWwise,https://www.youtube.com/watch?v=3FPakcG2c2g,Beginner Guides (Beginner Guides),1641,2023-08-10,13:03,783,28.02,-25.11,-9.38
X-Raym,Sound Effects Editing with REAPER Scripts (english subs),https://www.youtube.com/watch?v=wKbku6b1oZ0,Custom Scripts & Actions (Custom Scripts & Actions),1612,2021-08-10,11:40,700,75.94,-63.62,105.6
Wild Turkey Studios,Installing JSFX RCInflator in REAPER,https://www.youtube.com/watch?v=V-KirFidlp4,JSFX & Plugin DSP (JSFX & Plugin DSP),1609,2022-08-10,00:40,40,62.14,-60.03,-82.16
The REAPER Blog,REAPER Blog Q&A #30 - fave game soundtracks; getting healthier and more,https://www.youtube.com/watch?v=UxG9U5KCPRs,MIDI Editing & Virtual Instruments (MIDI Editing & Virtual Instruments),1551,2019-08-11,14:53,893,56.74,-97.86,0.87
IDDQD Sound,"Let’s learn scripting in REAPER Ep2.5:  OnCommand functions, Mousewheel/CC Scripting",https://www.youtube.com/watch?v=hfhlhmy-7kU,Beginner Guides (Beginner Guides),1530,2022-08-10,18:52,1132,49.17,1.21,95.44
The REAPER Blog,REAPER Blog Recap 2017,https://www.youtube.com/watch?v=YbLFARrPa6c,Beginner Guides (Beginner Guides),1510,2018-08-11,06:42,402,23.03,-41.75,-19.14
Lantertronics,Reaper JSFX EEL2: Sinusoidal Nonlinearity -- Wave Multiplier Effect,https://www.youtube.com/watch?v=Yde3xDZcnCU,JSFX & Plugin DSP (JSFX & Plugin DSP),1488,2021-08-10,01:34,94,63.06,-48.32,-93.38
Terence Boyd,How to Route GGD in Reaper (The Perfect Setup),https://www.youtube.com/watch?v=J1LhVpNDf6s,Beginner Guides (Beginner Guides),1475,2026-01-11,10:41,641,-11.55,-15.49,8.64
IDDQD Sound,Getting into MIDI JSFX Scripting (JSFX Scripting for Beginners Pt.18),https://www.youtube.com/watch?v=m-dSzxuHGW4,"JSFX & Plugin DSP (JSFX & Plugin DSP, MIDI Editing & Virtual Instruments)",1444,2023-08-10,02:44:26,9866,57.94,-87.65,-42.27
Krinstar,Reaper JSFX (Plugins) in Bitwig 4.4,https://www.youtube.com/watch?v=QWheCkSjX0k,"JSFX & Plugin DSP (JSFX & Plugin DSP, MIDI Editing & Virtual Instruments)",1432,2023-08-10,11:59,719,67.09,-78.66,-37.89
Ivy Audio,Automatic Sample Namer for Reaper,https://www.youtube.com/watch?v=qh7catma-90,Custom Scripts & Actions (Custom Scripts & Actions),1422,2016-08-11,05:23,323,75.95,-52.73,63.32
Bettina Calmon,Fmod & Wwise: How to learn,https://www.youtube.com/watch?v=6qe4dssKaKc,Game Audio & Middleware (Game Audio & Middleware),1395,2023-08-10,11:00,660,67.33,58.16,-21.86
Karl,WAAPI Reaper Project Recall,https://www.youtube.com/watch?v=S-3ldsJmNjc,Beginner Guides (Beginner Guides),1376,2017-08-11,00:41,41,40.04,16.79,12.59
Music Nation TV,"Reaper's Incredible JS Plugins - Powerful, free and butt-ugly!",https://www.youtube.com/watch?v=ikqKNEad9jI,JSFX & Plugin DSP (JSFX & Plugin DSP),1372,2026-05-11,18:34,1114,74.39,-50.4,-59.42
REAPER for Voice Talent,Recording in REAPER on a PC - REAPER DAW Tutorial,https://www.youtube.com/watch?v=BTpkShgNr-I,Beginner Guides (Beginner Guides),1363,2021-08-10,08:04,484,32.93,-15.78,-46.64
Louie Taylor,Composing Adaptive Video Game Music - Part 3 - Conflict Music and FMOD,https://www.youtube.com/watch?v=Iql5xrIALpg,Game Audio & Middleware (Game Audio & Middleware),1323,2022-08-10,30:09,1809,63.45,70.61,20.35
Bamsitevideos,Plugins In Reaper pt1 | Reaper Power-Ups EP 03,https://www.youtube.com/watch?v=FL40WoUw_Mk,JSFX & Plugin DSP (JSFX & Plugin DSP),1301,2026-02-10,18:09,1089,67.22,-38.59,-50.85
Reaper for Audiobooks,Installing Lua Scripts in Reaper,https://www.youtube.com/watch?v=VYv_XYejsag,Custom Scripts & Actions (Custom Scripts & Actions),1300,2023-08-10,02:08,128,63.23,-50.8,86.66
Jess Wallace,FMOD + Unreal: Animation Audio,https://www.youtube.com/watch?v=-BJy2ZYd6h8,"Beginner Guides (Beginner Guides, Game Audio & Middleware)",1257,2024-08-09,09:43,583,54.34,48.22,-48.65
Marley Mac Media,Music Production Software Walk-through for Beginners | Reaper DAW Demonstration,https://www.youtube.com/watch?v=N9_iRPNDwBM,Beginner Guides (Beginner Guides),1172,2020-08-10,16:38,998,42.62,10.72,-84.62
The REAPER Blog,"Interview editing, hang out - REAPER Blog - LIVE STREAM",https://www.youtube.com/watch?v=nOCgXduTaf4,Beginner Guides (Beginner Guides),1133,2018-08-11,01:24:49,5089,31.39,-46.83,-13.86
Rob van Hees,Reaper Tricks: Mega fast sending Tracks to FX Tracks,https://www.youtube.com/watch?v=HiUp2EgSIYM,Custom Scripts & Actions (Custom Scripts & Actions),1133,2016-08-11,01:40,100,86.1,-73.57,94.45
IDDQD Sound,JSFX Scripting tutorial for beginners Pt. 2 (With Leandro Facchinetti),https://www.youtube.com/watch?v=WR8PtyfLAVc,"Custom Scripts & Actions (Custom Scripts & Actions, JSFX & Plugin DSP)",1098,2021-08-10,02:17:45,8265,79.97,-57.55,17.71
Frank B (FB IV),ROUTING IN REAPER,https://www.youtube.com/watch?v=xtmKDc3KklM,Audio Mixing & Routing (Audio Mixing & Routing),1093,2016-08-11,02:33,153,104.68,-20.72,-18.43
Not Only Reaper Tutorials by Tormy Van Cool,#058 - ▶️  LUFS in REAPER: Graphic Loudness of Markers and Regions [Tutorial - How To - ENGLISH],https://www.youtube.com/watch?v=_Td-KdqnIoc,Mastering & Loudness (Mastering & Loudness),1076,2022-08-10,03:28,208,79.45,8.77,49.66
Leandro Facchinetti,Starting a Design System for JSFX (REAPER Real-Time Audio Effects),https://www.youtube.com/watch?v=GrB51u7SqQY,JSFX & Plugin DSP (JSFX & Plugin DSP),1047,2022-08-10,01:53:38,6818,56.54,-89.65,-89.34
forrest roush,FMOD interactive audio demo and tutorial,https://www.youtube.com/watch?v=TmEMFgCND90,Game Audio & Middleware (Game Audio & Middleware),965,2011-08-13,07:45,465,73.47,31.05,-12.08
Erik Jacobsson,Sound Design for pulse rifle - Fmod - Unreal engine,https://www.youtube.com/watch?v=BKocx12EGZI,Game Audio & Middleware (Game Audio & Middleware),930,2016-08-11,04:17,257,71.34,63.44,-47.18
Daniel Petras,Technical Game Audio Reel by Daniel Petras,https://www.youtube.com/watch?v=AzU3eOs5cco,Game Audio & Middleware (Game Audio & Middleware),895,2019-08-11,03:16,196,82.55,34.61,1.6
Reaper Tutorials,"Looping (Part 1) | Getting Started, Track settings, Time selection auto punch",https://www.youtube.com/watch?v=Y3yp_KxUBMg,Beginner Guides (Beginner Guides),881,2020-08-10,03:26,206,9.22,-41.26,-57.48
Pablo Sorribes Bernhard,GameAudio Ideas - OVERWATCH-style Dynamic Reverb System using FMOD and Unity,https://www.youtube.com/watch?v=MPGa9eotkMs,Game Audio & Middleware (Game Audio & Middleware),851,2021-08-10,02:13,133,72.33,54.6,30.89
Amner Hunter,REAPER Daw Tutorial For Beginners - Making Music w/ FREE Vst Plugins - Prep & Basic Editing (Part 6),https://www.youtube.com/watch?v=EPpyakluGxg,"JSFX & Plugin DSP (JSFX & Plugin DSP, MIDI Editing & Virtual Instruments)",840,2022-08-10,15:23,923,73.9,-93.08,-21.09
Asim Code,ReaScript with Lua Automate REAPER Like a Pro!,https://www.youtube.com/watch?v=CnDHP90t9lA,Custom Scripts & Actions (Custom Scripts & Actions),826,2025-08-09,05:20,320,59.24,-62.29,101.5
Floop's Reaper Scripts,Free REAPER JSFX Saturation Plugin - Floop Chrominator (Analog-ish Color & Grit),https://www.youtube.com/watch?v=udaJl0OGvGQ,JSFX & Plugin DSP (JSFX & Plugin DSP),776,2026-01-11,01:44,104,62.03,-38.39,-74.62
Rob van Hees,Super fast adding VSTi Track of choice in Reaper,https://www.youtube.com/watch?v=Z52KlFDz7ko,"Custom Scripts & Actions (Custom Scripts & Actions, MIDI Editing & Virtual Instruments)",767,2016-08-11,00:59,59,58.29,-96.16,51.96
X-Raym,REAPER Script: Sort Items Order based On Their Pitch,https://www.youtube.com/watch?v=igX2Zef0gaI,"Custom Scripts & Actions (Custom Scripts & Actions, JSFX & Plugin DSP, Vocal Processing & Tuning)",742,2016-08-11,02:11,131,84.59,-75.84,28.39
IDDQD Sound,Live Scripting tutorial for beginners (With Leandro Facchinetti),https://www.youtube.com/watch?v=YfTVXn730DQ,Custom Scripts & Actions (Custom Scripts & Actions),720,2021-08-10,01:38:11,5891,65.07,-45.93,44.29
Niall Coates,FMOD - Rendering audio with the profiler,https://www.youtube.com/watch?v=SWzI1pIQ_ro,"Game Audio & Middleware (Game Audio & Middleware, Mastering & Loudness)",705,2022-08-10,03:46,226,63.25,30.97,-2.54
DYS Recording Studio,Mixing  Reggae in Reaper Final Chapter Mastering Loudness,https://www.youtube.com/watch?v=KP-Cz4eP2uM,"Audio Mixing & Routing (Audio Mixing & Routing, Mastering & Loudness)",684,2018-08-11,14:33,873,82.23,-2.5,-32.54
Lord Commander Guts,Fmod Basic Tutorial | First step in audio middleware,https://www.youtube.com/watch?v=AEwS-URM5cM,"Beginner Guides (Beginner Guides, Game Audio & Middleware)",644,2023-08-10,34:44,2084,48.21,39.54,-55.73
Richard F. Jackson,Reaper DAW with Groove Agent - Multi-output audio routing,https://www.youtube.com/watch?v=ZaxTrIz2S4o,Audio Mixing & Routing (Audio Mixing & Routing),628,2025-08-09,04:01,241,97.26,-41.99,-35.32
Blackmagic Television Network,The Secrets Of Routing In Reaper,https://www.youtube.com/watch?v=LKPA97_6tmQ,Audio Mixing & Routing (Audio Mixing & Routing),619,2021-08-10,01:49,109,99.87,-21.13,-36.85
SamTheBeardGuy,VideoGame Audio - From Logic Pro X to FMOD,https://www.youtube.com/watch?v=dy3WFVR0t9w,Game Audio & Middleware (Game Audio & Middleware),613,2020-08-10,58:18,3498,65.48,40.4,-24.21
Pro Tools to Reaper,Reaper Up Down Shortcut Like Pro Tools Script,https://www.youtube.com/watch?v=OIwH1S5ePkY,Custom Scripts & Actions (Custom Scripts & Actions),560,2018-08-11,00:59,59,65.34,-53.72,112.27
Andrew Renko,"How to pick random sound and play with random pitch in any DAW, using Battery 4 (like FMOD, Wwise)",https://www.youtube.com/watch?v=0AN0CiD4Aok,"Game Audio & Middleware (Game Audio & Middleware, Vocal Processing & Tuning, MIDI Editing & Virtual Instruments)",537,2022-08-10,02:46,166,79.79,36.88,-66.42
Craig Owen,"TAP Tutorial Intro: Wwise, Unity and Reaper intergration",https://www.youtube.com/watch?v=NJiYOnIX_v0,"Beginner Guides (Beginner Guides, Game Audio & Middleware)",479,2019-08-11,02:22,142,53.44,24.51,-51.5
Gui Novi,Reaper + Wwise: Combat Sound Design demo,https://www.youtube.com/watch?v=c4H927QnLZc,Game Audio & Middleware (Game Audio & Middleware),452,2023-08-10,07:52,472,81.15,52.96,-41.63
Daniel Petras,Reascript (in Lua): Open FX Panel for Selected Tracks and Media Items,https://www.youtube.com/watch?v=3ewFUl1O0q4,Custom Scripts & Actions (Custom Scripts & Actions),451,2019-08-11,02:23,143,49.11,-71.95,93.04
Floop's Reaper Scripts,Master Monitoring Plugin for REAPER – Floop Master Control,https://www.youtube.com/watch?v=VnD-jDV06Fw,Audio Mixing & Routing (Audio Mixing & Routing),449,2026-02-10,02:14,134,104.94,-47.04,13.5
Reaper Tutorials,"Looping (Part 3) | MIDI Merge in Reaper (well, kind of)",https://www.youtube.com/watch?v=A_dLKzigGbM,"Custom Scripts & Actions (Custom Scripts & Actions, MIDI Editing & Virtual Instruments)",439,2020-08-10,01:40,100,64.88,-87.95,44.48
Daniel Bandeira,Daniel Bandeira - Wwise Demo Reel | Game Audio Implementation,https://www.youtube.com/watch?v=2_rtqf-ucPQ,Game Audio & Middleware (Game Audio & Middleware),415,2024-08-09,02:27,147,85.87,31.61,-16.55
Bjorkas,Can I do this in Fmod?  Episode 1: Reverb tails and probability,https://www.youtube.com/watch?v=rzCgZpEEe8Q,Game Audio & Middleware (Game Audio & Middleware),411,2020-08-10,07:31,451,71.68,55.3,10.63
Reaper Tutorials,Looping (Part 2) | Undo while recording without stopping,https://www.youtube.com/watch?v=4Z8TjzxBeK4,Beginner Guides (Beginner Guides),398,2020-08-10,03:00,180,18.63,-30.33,-65.15
IDDQD Sound,JSFX Scripting tutorial for beginners Pt. 3 (With Leandro Facchinetti),https://www.youtube.com/watch?v=VWnJa0-N5lc,"Custom Scripts & Actions (Custom Scripts & Actions, JSFX & Plugin DSP)",376,2021-08-10,02:03:25,7405,71.54,-62.78,16.22
Fatima Araujo,Wwise Video Game Audio Demo Reel   Fatima Araujo   School of Video Game Audio,https://www.youtube.com/watch?v=ScnX9fUQL8M,Game Audio & Middleware (Game Audio & Middleware),354,2019-08-11,07:10,430,89.83,45.85,-5.65
IDDQD Sound,Live Scripting tutorial for beginners Pt. 2 (With Leandro Facchinetti),https://www.youtube.com/watch?v=63RKdZfeN7c,Custom Scripts & Actions (Custom Scripts & Actions),337,2021-08-10,02:18:40,8320,62.78,-58.97,38.83
BØLT,Keep Track of Loudness with REAPER's Render Stats #reaperdaw #sounddesign #mastering,https://www.youtube.com/watch?v=5owdSIt-amE,Mastering & Loudness (Mastering & Loudness),306,2025-08-09,01:06,66,65.38,5.02,8.12
sergyomusic,Creating a new js effect and lua script,https://www.youtube.com/watch?v=vdbxAhAnO1I,Custom Scripts & Actions (Custom Scripts & Actions),301,2019-08-11,03:34,214,62.63,-36.24,98.11
fieldtapes,FMOD Sound Design DemoReel_TravisBrown,https://www.youtube.com/watch?v=lvMAGSApOBk,Game Audio & Middleware (Game Audio & Middleware),262,2025-11-12,03:00,180,74.77,47.45,-26.26
IDDQD Sound,JSFX Scripting tutorial for beginners Pt. 4 (With Leandro Facchinetti),https://www.youtube.com/watch?v=0nnvQJv_gx8,"Custom Scripts & Actions (Custom Scripts & Actions, JSFX & Plugin DSP)",260,2021-08-10,02:03:05,7385,75.37,-61.88,33.88
pietrosammarco,Pietro Sammarco -- Game Audio Demo -- Sound Design & Wwise Implementation,https://www.youtube.com/watch?v=pJN2-RkV5p4,Game Audio & Middleware (Game Audio & Middleware),251,2021-08-10,05:45,345,84.82,46.22,-26.58
AccessMTech,Creating Custom Actions in Reaper by Garth Humphreys,https://www.youtube.com/watch?v=NiU_BTjTVOY,Beginner Guides (Beginner Guides),243,2018-08-11,15:07,907,36.7,-43.17,65.76
Leandro Facchinetti,Making a Colors Demo Panel in JSFX (REAPER Real-Time Audio Effects),https://www.youtube.com/watch?v=gxjfK-qxpdQ,JSFX & Plugin DSP (JSFX & Plugin DSP),243,2022-08-10,02:38:00,9480,54.86,-78.18,-108.76
IDDQD Sound,JSFX Scripting tutorial for beginners Pt. 5 (With Leandro Facchinetti),https://www.youtube.com/watch?v=5K4XPmmUbyA,"Custom Scripts & Actions (Custom Scripts & Actions, JSFX & Plugin DSP)",231,2021-08-10,02:35:14,9314,75.37,-61.88,33.88
Sound Lab Dairies,Advanced Mac Audio Routing with Loopback and Reaper,https://www.youtube.com/watch?v=5RuoALcnVos,Audio Mixing & Routing (Audio Mixing & Routing),220,2026-05-11,06:56,416,101.45,-46.24,-13.03
IDDQD Sound,Live Scripting tutorial for beginners Pt. 3 (With Leandro Facchinetti),https://www.youtube.com/watch?v=Wp11Varkd6A,Custom Scripts & Actions (Custom Scripts & Actions),213,2021-08-10,01:50:50,6650,62.78,-58.97,38.83
Krinstar,Creating a JSFX Midi CC modulator from scratch for Bitwig/Reaper,https://www.youtube.com/watch?v=_HNXC088Mm0,"JSFX & Plugin DSP (JSFX & Plugin DSP, MIDI Editing & Virtual Instruments)",213,2023-08-10,24:09,1449,62.45,-82.4,-22.88
Nick Ranayhossaini,Making a sound in Reaper and implementing with Unity and Wwise,https://www.youtube.com/watch?v=ACKr4jPLeNQ,Game Audio & Middleware (Game Audio & Middleware),201,2021-08-10,16:38,998,89.01,64.22,-22.22
Jody Marks,Adjusting Loudness in Reaper,https://www.youtube.com/watch?v=OicayjtX_-I,Mastering & Loudness (Mastering & Loudness),195,2023-08-10,06:56,416,68.42,-0.67,27.35
Julie Reich,"Weapon Sound Design - Game Audio (DAWs used Pro Tools, Reaper, here in FMOD for Unity Integration)",https://www.youtube.com/watch?v=n9rq2wtuqD0,Game Audio & Middleware (Game Audio & Middleware),194,2022-08-10,02:26,146,70.66,45.24,-43.74
Dave Graham,JSFX plugins for 60s/70s guitar tones - for Reaper,https://www.youtube.com/watch?v=KDSZ3zKtHpg,JSFX & Plugin DSP (JSFX & Plugin DSP),190,2026-04-11,18:27,1107,71.46,-53.67,-88.66
ACDev,Finding Audio - 01 - Sound Design Basics in Reaper,https://www.youtube.com/watch?v=mJL2fKfMDHE,"Beginner Guides (Beginner Guides, Game Audio & Middleware)",186,2019-08-11,02:04,124,59.21,38.19,-68.43
Luke Johnson,"More Fun With Video Game Audio - Implementing Weapons and Footsteps using Unity, Wwise and Cubase!",https://www.youtube.com/watch?v=Eltk5uL0Ho4,Game Audio & Middleware (Game Audio & Middleware),181,2023-08-10,04:01,241,91.74,63.45,0.41
La Chí Nhân Official,The Ultimate Bass Audio to MIDI Tool for REAPER (No External Plugins!),https://www.youtube.com/watch?v=ZI9ML0I1c7M,"Custom Scripts & Actions (Custom Scripts & Actions, JSFX & Plugin DSP, MIDI Editing & Virtual Instruments)",180,2026-05-11,07:18,438,67.29,-86.87,25.28
Leandro Facchinetti,The Parameter with a Thousand Faces · REAPER Real-Time Audio Effects (JSFX),https://www.youtube.com/watch?v=MEmMj3i01BA,JSFX & Plugin DSP (JSFX & Plugin DSP),168,2023-08-10,01:19:20,4760,67.22,-84.99,-106.96
Anna A0M0RE,Game Audio | Unity + Wwise | Gun Audio System,https://www.youtube.com/watch?v=7B_ZNQGl20c,Game Audio & Middleware (Game Audio & Middleware),163,2023-08-10,01:03,63,81.9,63.74,-4.37
Overstratum Audio,LAUTMACHER v1.0 | Automatic Multiband Limiter | JSFX Reaper free Plugin | Overstratum Audio,https://www.youtube.com/watch?v=ZavCliFh65M,"Custom Scripts & Actions (Custom Scripts & Actions, JSFX & Plugin DSP, Mastering & Loudness)",153,2026-05-11,01:16,76,81.5,-42.93,38.35
Ben Lamb O'Sullivan,Microcontroller Set-up in Reaper using modified & stock JSFX Scripts,https://www.youtube.com/watch?v=uaJaWkeZulU,"Custom Scripts & Actions (Custom Scripts & Actions, JSFX & Plugin DSP)",137,2021-08-10,04:22,262,85.72,-59.23,37.81
Artem Davydov,Game Audio Implementation (UE/FMOD studio),https://www.youtube.com/watch?v=ci92uJkRvD0,Game Audio & Middleware (Game Audio & Middleware),115,2018-08-11,07:17,437,60.86,48.31,-7.45
Leandro Facchinetti,Starting Automixer for Video · REAPER Real-Time Audio Effects (JSFX),https://www.youtube.com/watch?v=P5l2V645hys,JSFX & Plugin DSP (JSFX & Plugin DSP),97,2023-08-10,01:15:06,4506,64.17,-87.64,-82.69
Leandro Facchinetti,Mouse Interactivity · REAPER Real-Time Audio Effects (JSFX),https://www.youtube.com/watch?v=yNvUad4Y3qs,JSFX & Plugin DSP (JSFX & Plugin DSP),76,2022-08-10,01:55:30,6930,60.19,-76.38,-92.3
Leandro Facchinetti,Taming the Parameter with a Thousand Faces · REAPER Real-Time Audio Effects (JSFX),https://www.youtube.com/watch?v=0ZnM7RrBJ9k,JSFX & Plugin DSP (JSFX & Plugin DSP),53,2023-08-10,01:58:26,7106,67.22,-84.99,-106.96
