autor,titulo,enlace,categoria_descriptores,vistas_reales,fecha_publicacion,duracion,duracion_segundos,latent_x,latent_y,latent_z,categoria_principal,tags
Brackeys,How to make a Video Game in Unity - BASICS (E01),https://www.youtube.com/watch?v=IlKaB1etrik,Beginner Guides (Beginner Guides),8788970,2017-08-11,11:25,685,-33.94,-7.74,-58.73,,
Brackeys,How to make a Video Game - Getting Started (Unity),https://www.youtube.com/watch?v=j48LtUkZRjU,Beginner Guides (Beginner Guides),8495560,2017-08-11,03:21,201,-52.98,-4.5,-66.95,,
Brackeys,How to make a Video Game - Godot Beginner Tutorial,https://www.youtube.com/watch?v=LOhfqjmasi0,Beginner Guides (Beginner Guides),8361027,2024-08-09,01:17:12,4632,-43.33,10.59,-55.34,,
Game Maker's Toolkit,The Unity Tutorial For Complete Beginners,https://www.youtube.com/watch?v=XtQMytORBmM,Beginner Guides (Beginner Guides),7035832,2023-08-10,46:39,2799,-11.17,-31.83,-21.93,,
Brackeys,How to make a 2D Game in Unity,https://www.youtube.com/watch?v=on9nwbZngyw,"Beginner Guides (Beginner Guides, 2D Physics & Movement)",6662841,2018-08-11,14:27,867,-37.5,94.83,14.34,,
Sebastian Lague,I Tried Creating a Game Using Real-World Geographic Data,https://www.youtube.com/watch?v=sLqXFF8mlEU,Beginner Guides (Beginner Guides),6103284,2022-08-10,31:37,1897,-89.95,10.88,-73.16,,
Sebastian Lague,Exploring How Computers Work,https://www.youtube.com/watch?v=QZwneRb-zqA,Beginner Guides (Beginner Guides),4046566,2021-08-10,18:12,1092,-33.43,6.2,17.11,,
Code Monkey,Learn Unity Beginner/Intermediate 2026 (FREE COMPLETE Course - Unity Tutorial),https://www.youtube.com/watch?v=AmGSEH7QcDg,"Beginner Guides (Beginner Guides, UI Canvas & HUD Design)",3822723,2023-08-10,10:49:41,38981,1.81,13.99,-106.42,,
Imphenzia,LEARN UNITY - The Most BASIC TUTORIAL I'll Ever Make,https://www.youtube.com/watch?v=pwZpJzpE2lQ,Beginner Guides (Beginner Guides),3504952,2020-08-10,02:04:31,7471,-6.48,26.54,-33.43,,
UGuruz,How to Make Beautiful Terrain in Unity 2020 | Beginner Tutorial,https://www.youtube.com/watch?v=ddy12WHqt-M,"Beginner Guides (Beginner Guides, 3D Physics & Raycasting)",3472615,2020-08-10,16:19,979,-10.63,37.49,-12.46,,
Brackeys,FIRST PERSON MOVEMENT in Unity - FPS Controller,https://www.youtube.com/watch?v=_QajrabyTJc,3D Physics & Raycasting (3D Physics & Raycasting),3424051,2020-08-10,23:52,1432,40.69,85.52,-14.68,,
Sebastian Lague,I Spent a Week Making a Game about Vacuuming,https://www.youtube.com/watch?v=PGk0rnyTa1U,Beginner Guides (Beginner Guides),3324543,2022-08-10,17:51,1071,-57.67,-0.75,-37.67,,
Brackeys,START MENU in Unity,https://www.youtube.com/watch?v=zc8ac_qUXQY,"Beginner Guides (Beginner Guides, UI Canvas & HUD Design)",3234574,2018-08-11,12:52,772,14.84,6.84,-120.0,,
Giedzilla,1 Year of Learning Game Development In 6 Minutes,https://www.youtube.com/watch?v=_tE4phLuGyA,Beginner Guides (Beginner Guides),2893853,2022-08-10,06:00,360,-38.3,72.61,-39.23,,
freeCodeCamp.org,Learn Unity - Beginner's Game Development Tutorial,https://www.youtube.com/watch?v=gB1F9G0JXOo,Beginner Guides (Beginner Guides),2866741,2021-08-10,07:24:39,26679,-52.97,33.81,-33.82,,
Brackeys,GOODBYE - And thanks for everything!,https://www.youtube.com/watch?v=_73UBoDZDLo,Beginner Guides (Beginner Guides),2712109,2021-08-10,06:18,378,-47.93,26.48,68.69,,
Brackeys,2D Animation in Unity (Tutorial),https://www.youtube.com/watch?v=hkaysu1Z-N8,"2D Physics & Movement (2D Physics & Movement, Animator & State Machines)",2685722,2018-08-11,21:53,1313,13.91,71.46,68.51,,
Sebastian Lague,Coding Adventure: Simulating Fluids,https://www.youtube.com/watch?v=rSKMYc1CQHE,VFX & Particles (VFX & Particles),2576269,2024-08-09,47:52,2872,8.04,-60.43,47.61,,
Game Maker's Toolkit,How I learned Unity without following tutorials (Developing 1),https://www.youtube.com/watch?v=vFjXKOXdgGo,Beginner Guides (Beginner Guides),2467223,2022-08-10,18:11,1091,-62.52,-21.62,-0.25,,
Sebastian Lague,Coding Adventure: Simulating an Ecosystem,https://www.youtube.com/watch?v=r_It_X7v-1E,Beginner Guides (Beginner Guides),2341248,2019-08-11,06:40,400,-47.73,-8.01,53.66,,
Sebastian Lague,Polishing and Releasing My Tiny Geography Game,https://www.youtube.com/watch?v=pNp4ug5F6To,Beginner Guides (Beginner Guides),2324959,2022-08-10,26:13,1573,-51.91,16.09,-33.86,,
Mults,Learning Unity Be Like,https://www.youtube.com/watch?v=36ax5HbHwbU,Beginner Guides (Beginner Guides),2266761,2022-08-10,01:01,61,-60.24,-25.11,-47.17,,
Sebastian Lague,I Tried Coding a Neural Network to Identify Doodles,https://www.youtube.com/watch?v=hfMk-kjRv4c,C# Programming & Logic (C# Programming & Logic),2231041,2023-08-10,54:50,3290,95.25,-25.13,-0.52,,
Juniper Dev,Everything You Need To Start Making Games (As A Beginner),https://www.youtube.com/watch?v=_eK26atXTds,Beginner Guides (Beginner Guides),2053680,2025-08-09,16:11,971,-101.97,6.85,-36.34,,
Brackeys,Shooting with Raycasts - Unity Tutorial,https://www.youtube.com/watch?v=THnivyG0Mvo,Beginner Guides (Beginner Guides),2000901,2017-08-11,13:40,820,-29.93,-22.46,-6.85,,
Sebastian Lague,Coding Adventure: Procedural Moons and Planets,https://www.youtube.com/watch?v=lctXaT9pxA0,Beginner Guides (Beginner Guides),1968205,2020-08-10,22:47,1367,-76.03,-8.58,27.98,,
Brackeys,How to make a Video Game in Unity - COLLISION (E05),https://www.youtube.com/watch?v=gAB64vfbrhI,3D Physics & Raycasting (3D Physics & Raycasting),1921341,2017-08-11,07:48,468,60.99,77.72,-35.96,,
Brackeys,TILEMAPS in Unity,https://www.youtube.com/watch?v=ryISV_nH8qw,2D Physics & Movement (2D Physics & Movement),1919644,2018-08-11,13:45,825,-6.45,101.58,37.38,,
Brackeys,MAKE GAMES WITHOUT CODE! - Unity 3D Game Kit,https://www.youtube.com/watch?v=qsU4nM0L_n0,"C# Programming & Logic (C# Programming & Logic, 3D Physics & Raycasting)",1842963,2018-08-11,13:39,819,83.88,16.53,0.54,,
Brackeys,How many AI Agents can Unity handle?,https://www.youtube.com/watch?v=G9Otw12OUvE,Beginner Guides (Beginner Guides),1785238,2018-08-11,06:17,377,-81.14,-0.72,-3.17,,
Brackeys,MELEE COMBAT in Unity,https://www.youtube.com/watch?v=sPiVz1k-fEs,C# Programming & Logic (C# Programming & Logic),1749872,2020-08-10,21:06,1266,104.97,-25.98,18.32,,
Fireship,Godot in 100 Seconds,https://www.youtube.com/watch?v=QKgTZWbwD1U,"2D Physics & Movement (2D Physics & Movement, 3D Physics & Raycasting)",1720238,2023-08-10,02:40,160,31.05,80.96,22.84,,
Sebastian Lague,Coding Adventure: Boids,https://www.youtube.com/watch?v=bqtqltqcQhw,Beginner Guides (Beginner Guides),1715859,2020-08-10,08:35,515,-59.25,-8.87,37.14,,
Steven,Attempting to Learn 3D Game Development in One Week,https://www.youtube.com/watch?v=1mwNrMD0Lm0,"2D Physics & Movement (2D Physics & Movement, 3D Physics & Raycasting)",1707658,2020-08-10,11:10,670,22.15,67.02,30.6,,
Sebastian Lague,Coding Adventure: Terraforming,https://www.youtube.com/watch?v=vTMEdHcKgM4,Beginner Guides (Beginner Guides),1679358,2021-08-10,22:23,1343,-68.0,4.92,40.26,,
Brackeys,How many Rigidbodies can Unity support?,https://www.youtube.com/watch?v=8zo5a_QvJtk,3D Physics & Raycasting (3D Physics & Raycasting),1642815,2018-08-11,05:19,319,55.09,76.06,-54.49,,
Brackeys,THIRD PERSON MOVEMENT in Unity,https://www.youtube.com/watch?v=4HpC--2iowE,Beginner Guides (Beginner Guides),1603781,2020-08-10,21:05,1265,-42.68,-11.76,8.07,,
Sebastian Lague,Coding Adventure: Ray Tracing,https://www.youtube.com/watch?v=Qz0KTGYJtUk,Beginner Guides (Beginner Guides),1571737,2023-08-10,37:57,2277,-60.06,15.16,54.49,,
Dave / GameDevelopment,FIRST PERSON MOVEMENT in 10 MINUTES - Unity Tutorial,https://www.youtube.com/watch?v=f473C43s8nE,C# Programming & Logic (C# Programming & Logic),1535342,2022-08-10,09:58,598,107.12,-0.97,21.21,,
Fireship,Unity in 100 Seconds,https://www.youtube.com/watch?v=iqlH4okiQqg,Beginner Guides (Beginner Guides),1527792,2022-08-10,02:45,165,-56.4,-37.76,54.54,,
Sebastian Lague,Coding Adventure: Portals,https://www.youtube.com/watch?v=cWpFZbjtSQg,Beginner Guides (Beginner Guides),1483329,2020-08-10,16:06,966,-75.79,-10.77,50.42,,
Code Monkey,Learn Unity in 17 MINUTES! [2026 UPDATED PINNED COMMENT],https://www.youtube.com/watch?v=E6A4WvsDeLE,Beginner Guides (Beginner Guides),1415529,2020-08-10,17:27,1047,-27.65,22.55,-104.5,,
Brackeys,How to make Terrain in Unity!,https://www.youtube.com/watch?v=MWQv2Bagwgk,Beginner Guides (Beginner Guides),1391837,2019-08-11,14:42,882,-20.87,20.17,-17.15,,
Brackeys,LIGHTING in Unity,https://www.youtube.com/watch?v=VnG2gOKV9dw,URP & Lighting Setup (URP & Lighting Setup),1354170,2018-08-11,16:13,973,0.44,-66.41,-79.28,,
Brackeys,2D Shooting in Unity (Tutorial),https://www.youtube.com/watch?v=wkKsl1Mfp5M,2D Physics & Movement (2D Physics & Movement),1347701,2019-08-11,21:11,1271,5.39,96.86,47.16,,
Sebastian Lague,Coding Adventure: Atmosphere,https://www.youtube.com/watch?v=DxfEbulyFcY,Beginner Guides (Beginner Guides),1333758,2021-08-10,22:00,1320,-51.16,5.28,39.55,,
Sebastian Lague,My First 10 Years of Game Development,https://www.youtube.com/watch?v=egukLtEhyP0,3D Physics & Raycasting (3D Physics & Raycasting),1323311,2020-08-10,11:24,684,40.16,52.72,-67.12,,
Brackeys,TOP DOWN MOVEMENT in Unity!,https://www.youtube.com/watch?v=whzomFgjT50,Beginner Guides (Beginner Guides),1312437,2020-08-10,22:29,1349,-43.33,-6.72,-7.45,,
Brackeys,How to make a HEALTH BAR in Unity!,https://www.youtube.com/watch?v=BLfNP4Sc_iA,UI Canvas & HUD Design (UI Canvas & HUD Design),1297556,2020-08-10,21:05,1265,65.56,-37.65,-67.69,,
Pandemonium,Unity 2D Platformer for Complete Beginners - #1 PLAYER MOVEMENT,https://www.youtube.com/watch?v=TcranVQUQ5U,"Beginner Guides (Beginner Guides, 2D Physics & Movement)",1269289,2021-08-10,15:38,938,-42.94,81.36,22.67,,
Brackeys,SAVE & LOAD SYSTEM in Unity,https://www.youtube.com/watch?v=XOjd_qU2Ido,Beginner Guides (Beginner Guides),1240940,2019-08-11,18:20,1100,-23.07,25.55,22.15,,
TJ,2 Years of Learning Game Development in Unity | My devlog progress,https://www.youtube.com/watch?v=8fcy0_FQ_OA,Beginner Guides (Beginner Guides),1227775,2022-08-10,15:21,921,-40.14,54.28,-27.16,,
JLPM,Complete Unity 2D Tutorial from Scratch,https://www.youtube.com/watch?v=GbmRt0wydQU,"Beginner Guides (Beginner Guides, 2D Physics & Movement)",1205797,2021-08-10,49:34,2974,-34.12,80.14,9.76,,
Sebastian Lague,Coding Adventure: Ray Marching,https://www.youtube.com/watch?v=Cp5WWtMoeKg,C# Programming & Logic (C# Programming & Logic),1197976,2019-08-11,05:05,305,105.2,-10.98,-2.51,,
Sebastian Lague,Coding Adventure: Rendering Text,https://www.youtube.com/watch?v=SO83KQuuZvg,Beginner Guides (Beginner Guides),1187021,2024-08-09,01:10:54,4254,-68.0,4.92,40.26,,
Sebastian Lague,Procedural Landmass Generation (E01: Introduction),https://www.youtube.com/watch?v=wbpMiKiSKm8,Beginner Guides (Beginner Guides),1149422,2016-08-11,03:27,207,-100.59,-37.68,13.19,,
NathanOnDev,I Made my First Game in 24 HOURS,https://www.youtube.com/watch?v=dxIDOSqqvqE,Beginner Guides (Beginner Guides),1142830,2021-08-10,06:04,364,-62.67,19.65,-9.04,,
Brackeys,FINISHING UP - How to make a Video Game in Unity (E10),https://www.youtube.com/watch?v=r5NWZoTSjWs,Beginner Guides (Beginner Guides),1109916,2017-08-11,09:35,575,-39.06,0.31,-48.08,,
Brackeys,Introduction to AUDIO in Unity,https://www.youtube.com/watch?v=6OT43pvUyfY,Beginner Guides (Beginner Guides),1072723,2017-08-11,14:26,866,-49.89,31.25,19.59,,
byte of michael,3 Months of Learning Game Development,https://www.youtube.com/watch?v=x5wndRdBowo,Beginner Guides (Beginner Guides),1069902,2022-08-10,10:47,647,-45.35,54.21,-43.79,,
Brackeys,SCRIPTABLE OBJECTS in Unity,https://www.youtube.com/watch?v=aPXvoWVabPY,Beginner Guides (Beginner Guides),1067253,2018-08-11,08:57,537,-19.97,5.89,50.47,,
Brackeys,Everything to know about the PARTICLE SYSTEM,https://www.youtube.com/watch?v=FEA1wTMJAR0,VFX & Particles (VFX & Particles),1055631,2018-08-11,10:08,608,21.25,-63.77,53.48,,
Brackeys,Basics of Shader Graph - Unity Tutorial,https://www.youtube.com/watch?v=Ar9eIn4z6XE,"Beginner Guides (Beginner Guides, Shader Graph & Shaders)",1053636,2018-08-11,12:29,749,24.18,-42.6,5.83,,
Code Monkey,Learn C# BASICS in 10 MINUTES!,https://www.youtube.com/watch?v=IFayQioG71A,Beginner Guides (Beginner Guides),1031359,2020-08-10,10:54,654,-30.16,-3.29,-95.37,,
Brackeys,MAKING YOUR FIRST LEVEL in Unity with ProBuilder!,https://www.youtube.com/watch?v=YtzIXCKr8Wo,Beginner Guides (Beginner Guides),1004446,2020-08-10,16:38,998,-29.01,-34.06,-48.89,,
Charger Games,Learn C# Scripting for Unity in 15 Minutes (2025 Working),https://www.youtube.com/watch?v=9tMvzrqBUP8,C# Programming & Logic (C# Programming & Logic),1003387,2020-08-10,15:14,914,56.13,-33.4,13.85,,
Brackeys,Make your Characters Interactive! - Animation Rigging in Unity,https://www.youtube.com/watch?v=Htl7ysv10Qs,Animator & State Machines (Animator & State Machines),998254,2020-08-10,16:19,979,39.12,17.1,109.57,,
Brackeys,How to make a Dialogue System in Unity,https://www.youtube.com/watch?v=_nRzoTzeyxU,Beginner Guides (Beginner Guides),983011,2017-08-11,16:19,979,-27.54,3.19,-21.64,,
Sebastian Lague,Coding Adventure: Solar System,https://www.youtube.com/watch?v=7axImc1sxa0,Beginner Guides (Beginner Guides),974631,2020-08-10,12:12,732,-59.25,-8.87,37.14,,
Sebastian Lague,Coding Adventure: Hydraulic Erosion,https://www.youtube.com/watch?v=eaXk97ujbPQ,Beginner Guides (Beginner Guides),968872,2019-08-11,05:18,318,-68.0,4.92,40.26,,
ButWhyLevin,I Wish I Had Known This Before I Started Unity Game Development...,https://www.youtube.com/watch?v=286SGzpUx9o,Beginner Guides (Beginner Guides),968694,2022-08-10,11:11,671,-42.09,31.63,-18.04,,
Sebastian Lague,I Ran a Chess Programming Tournament!,https://www.youtube.com/watch?v=Ne40a5LkK6A,C# Programming & Logic (C# Programming & Logic),906533,2024-08-09,01:18:42,4722,94.74,-17.65,29.04,,
Brackeys,2D PATHFINDING - Enemy AI in Unity,https://www.youtube.com/watch?v=jvtFUfJ6CP8,"C# Programming & Logic (C# Programming & Logic, 2D Physics & Movement)",873299,2019-08-11,23:13,1393,91.04,22.13,27.21,,
Brackeys,How to make an RPG in Unity - Introduction,https://www.youtube.com/watch?v=nu5nyrB9U_o,Beginner Guides (Beginner Guides),870924,2017-08-11,02:04,124,-34.59,28.12,2.26,,
Sebastian Lague,Coding Adventure: Compute Shaders,https://www.youtube.com/watch?v=9RHGLZLUuwc,Beginner Guides (Beginner Guides),857225,2019-08-11,05:25,325,-59.83,3.08,24.12,,
Brackeys,EVERY Image Effect in Unity Explained - Post Processing v2 Tutorial,https://www.youtube.com/watch?v=9tjYz6Ab0oc,URP & Lighting Setup (URP & Lighting Setup),835036,2020-08-10,13:24,804,2.89,-56.79,-66.8,,
DevBanana,1 Year Of Learning Game Development In Unity...,https://www.youtube.com/watch?v=c-aEBxGPLB0,Beginner Guides (Beginner Guides),780234,2022-08-10,07:11,431,-30.48,64.09,-40.01,,
Game Dev Guide,Making UI That Looks Good In Unity,https://www.youtube.com/watch?v=HwdweCX5aMI,"URP & Lighting Setup (URP & Lighting Setup, UI Canvas & HUD Design)",764133,2020-08-10,18:06,1086,8.43,-53.67,-81.74,,
Imphenzia,I made a full GAME in 400 HOURS - this is how - in 19 minutes!,https://www.youtube.com/watch?v=6L3Z3JI1HvE,Beginner Guides (Beginner Guides),715294,2025-08-09,19:00,1140,-67.46,21.57,2.14,,
Brackeys,DISSOLVE using Unity Shader Graph,https://www.youtube.com/watch?v=taMp1g1pBeE,Shader Graph & Shaders (Shader Graph & Shaders),712549,2018-08-11,10:33,633,35.61,-75.95,12.02,,
Code Monkey,"Learn Unity Multiplayer (FREE Complete Course, Netcode for Game Objects Unity Tutorial 2026)",https://www.youtube.com/watch?v=7glCsF9fv3s,UI Canvas & HUD Design (UI Canvas & HUD Design),680943,2023-08-10,06:20:20,22820,32.19,18.84,-65.41,,
Sebastian Lague,[Unity Tutorial] Platform | Sidescroller 01,https://www.youtube.com/watch?v=d3HEFiDFApI,Beginner Guides (Beginner Guides),677548,2013-08-12,30:11,1811,-27.48,-34.65,42.98,,
Thomas Brush,Game Development for Dummies | The Ultimate Guide,https://www.youtube.com/watch?v=eANjGomWZp4,Beginner Guides (Beginner Guides),673779,2023-08-10,12:27,747,-68.86,50.98,-23.21,,
Code Monkey,Awesome Third Person Shooter Controller! (Unity Tutorial),https://www.youtube.com/watch?v=FbM4CkqtOuA,Beginner Guides (Beginner Guides),642887,2022-08-10,36:10,2170,-46.86,-32.38,23.63,,
Brackeys,Turn-Based Combat in Unity,https://www.youtube.com/watch?v=_1pz_ohupPs,Beginner Guides (Beginner Guides),639918,2020-08-10,29:39,1779,-98.62,-34.17,-50.14,,
Chris' Tutorials,2D Top Down Pixel Art RPG Game Dev in Unity 2022  ~ Crash Course Tutorial for Beginners,https://www.youtube.com/watch?v=7iYWpzL9GkM,2D Physics & Movement (2D Physics & Movement),638587,2022-08-10,01:29:52,5392,6.4,91.96,77.72,,
Sebastian Lague,Coding Adventure: Coding a Coding Game,https://www.youtube.com/watch?v=dY6jR52fFWo,C# Programming & Logic (C# Programming & Logic),635846,2019-08-11,04:37,277,98.49,-16.89,-16.86,,
Sebastian Lague,Coding Adventure: Simulating Smoke,https://www.youtube.com/watch?v=Q78wvrQ9xsU,Beginner Guides (Beginner Guides),633149,2025-11-12,41:39,2499,-58.86,-4.26,59.79,,
Sebastian Lague,Introduction to Game Development with Unity and C#,https://www.youtube.com/watch?v=_cCGBMmMOFw,"Beginner Guides (Beginner Guides, C# Programming & Logic)",627432,2016-08-11,00:59,59,1.28,2.35,21.56,,
b cart,I Made a Unity Game with NO EXPERIENCE,https://www.youtube.com/watch?v=9HCTB4aZGTg,Beginner Guides (Beginner Guides),623141,2024-08-09,06:30,390,-71.08,10.71,-25.98,,
Sebastian Lague,Coding Adventure: Software Rasterizer,https://www.youtube.com/watch?v=yyJ-hdISgnw,"C# Programming & Logic (C# Programming & Logic, 3D Physics & Raycasting)",614496,2025-08-09,50:09,3009,95.12,6.04,-5.29,,
spaderdabomb,Build a beautiful 3D open world in 5 minutes | Unity,https://www.youtube.com/watch?v=nCDGjLRecrs,3D Physics & Raycasting (3D Physics & Raycasting),597075,2023-08-10,05:57,357,52.04,102.5,-47.44,,
Unity,The Animator Controller - Unity Official Tutorials,https://www.youtube.com/watch?v=JeZkctmoBPw,Animator & State Machines (Animator & State Machines),582966,2014-08-12,08:29,509,15.42,18.28,70.48,,
Brackeys,BUILD LEVELS QUICKLY in Unity with SNAPS!,https://www.youtube.com/watch?v=b4oqOdBCy3c,3D Physics & Raycasting (3D Physics & Raycasting),559952,2020-08-10,18:12,1092,66.31,89.46,-50.71,,
Rehope Games,Make Your MAIN MENU Quickly! | Unity UI Tutorial For Beginners,https://www.youtube.com/watch?v=DX7HyN7oJjE,UI Canvas & HUD Design (UI Canvas & HUD Design),551029,2023-08-10,10:32,632,18.44,-0.14,-74.25,,
Lost Relic Games,Escaping Unity Animator HELL,https://www.youtube.com/watch?v=nBkiSJ5z-hE,"2D Physics & Movement (2D Physics & Movement, Animator & State Machines)",547191,2021-08-10,18:18,1098,10.89,56.94,66.77,,
Brackeys,100 UNITY TIPS!!! 🔥,https://www.youtube.com/watch?v=thA3zv0IoUM,C# Programming & Logic (C# Programming & Logic),541225,2019-08-11,11:53,713,94.76,-40.93,12.04,,
Code Monkey,Learn C# FREE Tutorial Course Beginner to Advanced! [2026 - 12 HOURS],https://www.youtube.com/watch?v=qZpMX8Re_2Q,Beginner Guides (Beginner Guides),539404,2025-08-09,12:40:35,45635,-11.95,39.88,-81.34,,
Brackeys,MESH GENERATION in Unity - Basics,https://www.youtube.com/watch?v=eJEpeUH1EMg,"Beginner Guides (Beginner Guides, C# Programming & Logic)",495517,2019-08-11,11:10,670,26.09,19.43,25.23,,
Blackthornprod,Learn C# with these 9 LINES OF CODE - Unity Tutorial!,https://www.youtube.com/watch?v=aB9LJ9oHGOs,C# Programming & Logic (C# Programming & Logic),472034,2021-08-10,25:15,1515,77.08,-25.29,31.63,,
Sebastian Lague,Field of view visualisation (E01),https://www.youtube.com/watch?v=rQG9aUWarwE,Beginner Guides (Beginner Guides),458820,2016-08-11,22:31,1351,-118.01,-10.12,-6.0,,
Sebastian Lague,[Unity] Creating a 2D Platformer (E01. set-up),https://www.youtube.com/watch?v=MbWK8bCAU2w,2D Physics & Movement (2D Physics & Movement),455169,2015-08-12,14:11,851,-6.38,84.85,46.14,,
Brackeys,Get started with 2D Shader Graph in Unity - Dissolve Tutorial,https://www.youtube.com/watch?v=5dzGj9k8Qy8,"2D Physics & Movement (2D Physics & Movement, Shader Graph & Shaders)",451101,2020-08-10,16:58,1018,18.67,120.0,57.74,,
Roox,Learning Unity Until I Release A Game On Steam,https://www.youtube.com/watch?v=FiW69KIsQz0,Beginner Guides (Beginner Guides),451076,2026-01-11,08:16,496,-33.93,43.63,-37.45,,
Goodgis,Godot Vs Unity: The Ultimate Game Engine Showdown,https://www.youtube.com/watch?v=MV_TaVM8Huc,Beginner Guides (Beginner Guides),450932,2021-08-10,07:11,431,-83.79,63.33,-19.68,,
Brackeys,OBJECT POOLING in Unity,https://www.youtube.com/watch?v=tdSmKaJvCoA,Beginner Guides (Beginner Guides),446782,2018-08-11,17:23,1043,-70.61,-49.55,-7.7,,
Brackeys,How to make a HIGH SCORE in Unity,https://www.youtube.com/watch?v=vZU51tbgMXk,Beginner Guides (Beginner Guides),435978,2017-08-11,08:47,527,-10.45,4.34,-22.34,,
Gambit,20 Game Dev Tips I Wish I Was Told Earlier,https://www.youtube.com/watch?v=fqb9MfRqK9I,Beginner Guides (Beginner Guides),433773,2025-08-09,08:40,520,-84.13,37.64,-58.77,,
Sebastian Lague,Path Creator (free unity tool),https://www.youtube.com/watch?v=saAQNRSYU9k,Beginner Guides (Beginner Guides),431447,2019-08-11,10:29,629,-53.25,24.58,-91.55,,
iHeartGameDev,How to Animate Characters in Unity 3D | Animation Transitions With Booleans,https://www.youtube.com/watch?v=FF6kezDQZ7s,"Beginner Guides (Beginner Guides, 3D Physics & Raycasting, Animator & State Machines)",426339,2020-08-10,11:59,719,50.41,39.14,48.75,,
AIA,Unity UI Tutorial | An introduction,https://www.youtube.com/watch?v=IuuKUaZQiSU,"Beginner Guides (Beginner Guides, UI Canvas & HUD Design)",416424,2022-08-10,28:21,1701,18.37,-0.75,-106.29,,
Brogrammer,UNITY 3D PLAYER MOVEMENT in 2 MINUTES! FPS Shooter,https://www.youtube.com/watch?v=1uW-GbHrtQc,3D Physics & Raycasting (3D Physics & Raycasting),409987,2023-08-10,02:11,131,43.81,98.79,-25.42,,
DitzelGames,"Fixed, Spring, Hinge, Character & Configurable Joint explained - Unity Tutorial",https://www.youtube.com/watch?v=MElbAwhMvTc,Beginner Guides (Beginner Guides),406712,2018-08-11,17:31,1051,-47.33,-73.42,-10.72,,
Brackeys,Intro to Unity Timeline,https://www.youtube.com/watch?v=G_uBFM3YUF4,Beginner Guides (Beginner Guides),394372,2018-08-11,08:39,519,-59.47,-8.19,-17.86,,
Velvary,Creating Tilemaps For Your 2D Game in Unity 2021 - Tutorial,https://www.youtube.com/watch?v=DTp5zi8_u1U,2D Physics & Movement (2D Physics & Movement),390163,2021-08-10,07:07,427,-16.63,99.8,49.56,,
Sebastian Lague,Answering Your Questions,https://www.youtube.com/watch?v=kIMHRQWorkE,Beginner Guides (Beginner Guides),383399,2023-08-10,29:12,1752,-61.4,-1.31,2.42,,
Code Monkey,Simple Drag Drop (Unity Tutorial for Beginners),https://www.youtube.com/watch?v=BGr-7GZJNXg,Beginner Guides (Beginner Guides),375687,2020-08-10,10:31,631,-26.48,-45.76,-17.63,,
Andrzej Gieralt Creative,How I would learn game dev (If I could start over),https://www.youtube.com/watch?v=lMZun9SHv1s,Beginner Guides (Beginner Guides),368982,2024-08-09,07:50,470,-64.73,25.98,-45.68,,
Brackeys,HIGH QUALITY LIGHTING using Light Probes - Unity Tutorial,https://www.youtube.com/watch?v=_E0JXOZDTKA,URP & Lighting Setup (URP & Lighting Setup),352862,2020-08-10,10:09,609,-10.16,-64.09,-69.17,,
Sebastian Lague,Coding Adventure: Analyzing Audio,https://www.youtube.com/watch?v=08mmKNLQVHU,Beginner Guides (Beginner Guides),349995,2026-01-11,21:27,1287,-58.59,21.03,32.14,,
AngelHYYPE,¿Cómo Hacer un Juego en UNITY desde CERO? Tutorial COMPLETO para Principiantes,https://www.youtube.com/watch?v=MQqx4422lEo,Beginner Guides (Beginner Guides),348565,2025-08-09,03:05:36,11136,-105.59,-16.52,42.91,,
Brackeys,MILLIONS OF PARTICLES! - Unity VFX Graph,https://www.youtube.com/watch?v=FvZNVQuLDjI,VFX & Particles (VFX & Particles),346083,2019-08-11,12:16,736,9.82,-73.22,55.14,,
Code Monkey,"Simple Inventory System in Unity (Store, Use, Stack and Drop Items)",https://www.youtube.com/watch?v=2WnAOV7nHW0,Beginner Guides (Beginner Guides),344006,2020-08-10,28:06,1686,-30.14,-56.88,-24.34,,
Sebastian Lague,I Tried Coding my own Graphics Library,https://www.youtube.com/watch?v=_JGMgpyCTsY,Beginner Guides (Beginner Guides),339738,2026-07-26,27:30,1650,-86.02,17.26,41.8,,
Sebastian Lague,[Unity] Procedural Cave Generation (E01. Cellular Automata),https://www.youtube.com/watch?v=v7yyZZjF1z4,Beginner Guides (Beginner Guides),327482,2015-08-12,22:58,1378,-95.82,-32.38,3.07,,
Stephen Hubbard,Every Unity Tutorial Be Like,https://www.youtube.com/watch?v=7vEyVcYUIzY,Beginner Guides (Beginner Guides),325510,2023-08-10,00:43,43,-59.25,-27.85,-34.89,,
Hooson,How To Make A 2D Endless Runner For Beginners - Easy Unity Tutorial,https://www.youtube.com/watch?v=U3sT-T5bKX4,"Beginner Guides (Beginner Guides, 2D Physics & Movement)",317703,2021-08-10,29:08,1748,-37.98,102.84,29.88,,
Tesseract,20 Advanced Coding Tips For Big Unity Projects,https://www.youtube.com/watch?v=dLCLqEkbGEQ,C# Programming & Logic (C# Programming & Logic),316634,2023-08-10,22:23,1343,93.93,-43.61,-7.65,,
Gabriel Aguiar Prod.,Unity Shader Graph - Stylized Trails Tutorial,https://www.youtube.com/watch?v=wvK6MNlmCCE,Shader Graph & Shaders (Shader Graph & Shaders),305550,2022-08-10,17:32,1052,16.95,-112.14,-5.54,,
Press Start,Unity Movement [RigidBody vs Translate],https://www.youtube.com/watch?v=ixM2W2tPn6c,3D Physics & Raycasting (3D Physics & Raycasting),292673,2019-08-11,09:00,540,25.62,77.08,-26.99,,
Unity,UI Canvas - Unity Official Tutorials,https://www.youtube.com/watch?v=OD-p1eMsyrU,UI Canvas & HUD Design (UI Canvas & HUD Design),288940,2015-08-12,06:01,361,64.93,-18.46,-56.97,,
Brackeys,How to make a LEVEL EDITOR in Unity,https://www.youtube.com/watch?v=B_Xp9pt8nRY,Beginner Guides (Beginner Guides),288280,2017-08-11,12:13,733,-12.21,-22.68,-55.49,,
Brackeys,PERLIN NOISE in Unity - Procedural Generation Tutorial,https://www.youtube.com/watch?v=bG0uEXV6aHQ,Beginner Guides (Beginner Guides),286671,2017-08-11,10:34,634,-87.81,-27.76,12.27,,
iHeartGameDev,How to Program in Unity: State Machines Explained,https://www.youtube.com/watch?v=Vt8aZDPzRjI,C# Programming & Logic (C# Programming & Logic),286455,2022-08-10,18:56,1136,95.02,-1.54,37.48,,
Weaver,How to Start Making Games (With NO Experience),https://www.youtube.com/watch?v=0tGhUExJCEI,Beginner Guides (Beginner Guides),281223,2025-08-09,04:33,273,-91.78,8.88,-30.76,,
Sebastian Lague,[Unity] Procedural Object Placement (E01: poisson disc sampling),https://www.youtube.com/watch?v=7WcmyxyFO7o,Beginner Guides (Beginner Guides),275760,2019-08-11,18:33,1113,-93.45,-45.2,-3.8,,
ThatOneUnityDev,How To Make A 2.5D Game  - Unity,https://www.youtube.com/watch?v=cqNBA9Pslg8,Beginner Guides (Beginner Guides),271938,2023-08-10,06:47,407,-31.6,6.72,-34.87,,
AlexDev,Learn Unity by Making a 2D Game – Full Beginner Course (6 Hours),https://www.youtube.com/watch?v=ZEtKg9AyEJc,"Beginner Guides (Beginner Guides, 2D Physics & Movement)",271852,2025-08-09,05:59:38,21578,-45.23,99.98,1.19,,
Code Monkey,Learn Unity 2D Beginner FREE COMPLETE Course (Unity Tutorial 2026),https://www.youtube.com/watch?v=nGKd4yTP3M8,"Beginner Guides (Beginner Guides, 2D Physics & Movement)",258542,2025-09-13,05:31:04,19864,-34.6,88.85,-3.69,,
bblakeyyy,How to make a 2D platformer - Unity Tutorial Crash Course,https://www.youtube.com/watch?v=nPigL-dIqgE,2D Physics & Movement (2D Physics & Movement),257822,2022-08-10,40:31,2431,-3.18,89.37,62.66,,
Code Monkey,"Simple Enemy AI in Unity (State Machine, Find Target, Chase, Attack)",https://www.youtube.com/watch?v=db0KWYaWfeM,Animator & State Machines (Animator & State Machines),250505,2020-08-10,16:26,986,35.76,-13.15,71.72,,
CodeMonkey - Coding Games for Kids,CodeMonkey Trailer - How to Code for Beginners,https://www.youtube.com/watch?v=RqSzdmSUHVo,C# Programming & Logic (C# Programming & Logic),246124,2016-08-11,01:18,78,73.56,-23.72,49.15,,
Code Monkey,What are Interfaces? (C# Basics),https://www.youtube.com/watch?v=MZOrGXk4XFI,Beginner Guides (Beginner Guides),246097,2020-08-10,13:53,833,-8.53,-17.63,45.08,,
Sebastian Lague,Unity Touchscreen Input Tutorial,https://www.youtube.com/watch?v=SrCUO46jcxk,Beginner Guides (Beginner Guides),244825,2014-08-12,18:24,1104,-47.49,-25.77,-16.09,,
Code Monkey,Making Flappy Bird in Unity (COMPLETE Unity Tutorial for Beginners),https://www.youtube.com/watch?v=b5Wpni9KPik,Beginner Guides (Beginner Guides),242803,2019-08-11,01:59:25,7165,-4.21,-41.16,-31.48,,
Code Monkey,Simple Turn-Based RPG Battle System (Unity Tutorial),https://www.youtube.com/watch?v=0QU0yV0CYT4,Beginner Guides (Beginner Guides),241949,2019-08-11,35:22,2122,-91.11,-42.44,-48.36,,
BMo Dev,Easy 3D Animations for Unity Beginners from Mixamo,https://www.youtube.com/watch?v=Vsj_UpnLFF8,3D Physics & Raycasting (3D Physics & Raycasting),239746,2023-08-10,06:55,415,58.54,58.48,-55.69,,
Thomas Brush,How To Make A 3D Game In 5 Minutes (Unity Tutorial),https://www.youtube.com/watch?v=yT4QEdrh1bw,3D Physics & Raycasting (3D Physics & Raycasting),239327,2023-08-10,05:05,305,49.98,86.73,-38.1,,
Isto Inc.,The Beginners Guide to Creating Realistic Graphics (In Unity),https://www.youtube.com/watch?v=fBQvL5YR3eg,Beginner Guides (Beginner Guides),238113,2025-08-09,22:02,1322,-93.21,33.9,36.32,,
Charger Games,Unity C# Scripting Basics in One Hour ( 2025 Working ),https://www.youtube.com/watch?v=MX_KK7u53As,"Beginner Guides (Beginner Guides, C# Programming & Logic)",234200,2018-08-11,01:07:08,4028,41.67,17.25,10.71,,
Jimmy Vegas,HOW TO MAKE A GAME IN UNITY 6 - FULL COURSE TUTORIAL - HOW TO MAKE A GAME FOR BEGINNERS,https://www.youtube.com/watch?v=L-81sc7Alx4,Beginner Guides (Beginner Guides),231105,2025-08-09,03:55:19,14119,-21.77,11.42,-46.73,,
Restful Coder,Unity Pixel Art Game Tutorial - Complete Starting Setup,https://www.youtube.com/watch?v=PAA_lCutsfE,Beginner Guides (Beginner Guides),228832,2022-08-10,51:43,3103,2.77,-17.9,-30.76,,
Coco Code,How to scale Unity UI objects for every screen - Unity UI tutorial,https://www.youtube.com/watch?v=QnT-2KxVvyk,"Beginner Guides (Beginner Guides, UI Canvas & HUD Design)",214407,2021-08-10,05:59,359,21.19,-12.71,-116.53,,
Tarodev,How to make a menu in Unity - UI Tutorial,https://www.youtube.com/watch?v=lF26yGJbsQk,UI Canvas & HUD Design (UI Canvas & HUD Design),213265,2022-08-10,26:27,1587,30.71,-11.24,-76.89,,
Code Monkey,Unity Tutorial for Beginners - Simple 2D Scene Setup,https://www.youtube.com/watch?v=Py8akSRnwuI,"Beginner Guides (Beginner Guides, 2D Physics & Movement)",212979,2018-08-11,07:58,478,-27.19,88.5,22.57,,
Code Monkey,Control Units and Give Orders! (Unity RTS Tutorial),https://www.youtube.com/watch?v=mCIkCXz9mxI,Beginner Guides (Beginner Guides),210590,2020-08-10,17:14,1034,-9.5,-15.5,3.0,,
Charger Games,Unity C# Scripting - Full Game Development Course,https://www.youtube.com/watch?v=VEnZzwW_OJM,C# Programming & Logic (C# Programming & Logic),207716,2023-08-10,04:17:41,15461,76.24,-31.85,1.17,,
Code Monkey,Kickstart your game with First and Third Person Controllers! (FREE Unity Starter Assets),https://www.youtube.com/watch?v=jXz5b_9z0Bc,Beginner Guides (Beginner Guides),206716,2021-08-10,14:43,883,-41.27,42.57,47.06,,
Unity,Physics Objects (Rigidbodies) - Unity Official Tutorials,https://www.youtube.com/watch?v=WTGcs10Sj34,"Beginner Guides (Beginner Guides, 3D Physics & Raycasting)",204240,2013-08-12,05:32,332,6.22,59.38,4.23,,
Jayanam,Unity 2021 Animator Controller Beginner Tutorial,https://www.youtube.com/watch?v=tveRasxUabo,"Beginner Guides (Beginner Guides, Animator & State Machines)",204232,2022-08-10,04:04,244,34.09,35.33,60.9,,
Sebastian Lague,Unity Create a Game Series (E01. player controller),https://www.youtube.com/watch?v=jdv8erC7ML8,C# Programming & Logic (C# Programming & Logic),203164,2016-08-11,15:09,909,115.43,-33.66,2.01,,
Creauctopus,How to Start Mobile Game Development in 2025 (Full Beginner Guide),https://www.youtube.com/watch?v=FD2OiJPSGx0,Beginner Guides (Beginner Guides),203022,2025-08-09,08:34,514,-74.81,34.53,-26.65,,
Code Monkey,Learn C# Intermediate FREE Tutorial Course! [2026],https://www.youtube.com/watch?v=I6kx-_KXNz4,Beginner Guides (Beginner Guides),201236,2024-08-09,04:08:38,14918,-13.58,27.28,-88.04,,
Gabriel Aguiar Prod.,Unity Shader Graph - Fire Flames Shader Tutorial,https://www.youtube.com/watch?v=glSsaRpHKos,"Shader Graph & Shaders (Shader Graph & Shaders, VFX & Particles)",201068,2019-08-11,13:45,825,6.63,-79.36,29.01,,
Charger Games,Build A Complete Android Game Today - Unity Android Tutorial,https://www.youtube.com/watch?v=3y28i5n2g0Q,Beginner Guides (Beginner Guides),198940,2023-08-10,48:19,2899,-103.47,38.57,-32.21,,
Code Monkey,How to Make a Game! Download and Create New Project (Unity Tutorial for Beginners Unity Basics),https://www.youtube.com/watch?v=hKXsL7XNa9M,Beginner Guides (Beginner Guides),195708,2022-08-10,12:14,734,-19.01,-5.58,-43.09,,
Unity,C# Events in Unity! - Intermediate Scripting Tutorial,https://www.youtube.com/watch?v=k4JlFxPcqlg,C# Programming & Logic (C# Programming & Logic),194543,2021-08-10,06:46,406,66.2,-1.04,5.09,,
Sebastian Lague,Character Creation (E07: Unity character controller),https://www.youtube.com/watch?v=ZwD1UHNCzOc,"Beginner Guides (Beginner Guides, C# Programming & Logic, 3D Physics & Raycasting)",192978,2017-08-11,18:21,1101,13.32,33.38,7.72,,
Ketra Games,Creating Simple Animations (Unity Tutorial),https://www.youtube.com/watch?v=JVFg9g4f-ME,Beginner Guides (Beginner Guides),190410,2022-08-10,06:20,380,-44.06,-44.81,-2.05,,
Code Monkey,How to make a Health System | Unity Tutorial,https://www.youtube.com/watch?v=0T5ei9jN63M,Beginner Guides (Beginner Guides),189675,2018-08-11,11:52,712,-20.59,-11.64,-21.72,,
Coco Code,Master Unity UI - 2025 Unity UI Course (FREE 1 hour masterclass),https://www.youtube.com/watch?v=Unnd0cOSiLU,UI Canvas & HUD Design (UI Canvas & HUD Design),186933,2025-08-09,01:08:32,4112,29.05,-28.46,-87.91,,
Coco Code,Create UI ANIMATIONS without ❌CODING❌! - Unity UI tutorial,https://www.youtube.com/watch?v=br9YzpiBeIw,"Beginner Guides (Beginner Guides, UI Canvas & HUD Design)",186720,2021-08-10,17:39,1059,10.76,-14.24,-102.61,,
Gabriel Aguiar Prod.,Unity Shader Graph - Waterfall Effect Tutorial,https://www.youtube.com/watch?v=yJ0NRr-DdYU,Shader Graph & Shaders (Shader Graph & Shaders),183481,2020-08-10,23:05,1385,36.14,-99.74,-17.26,,
Sebastian Lague,[Unity Tutorial]  First Person Controller: Spherical Worlds,https://www.youtube.com/watch?v=TicipSVT-T8,Beginner Guides (Beginner Guides),180330,2015-08-12,33:47,2027,-42.89,-23.71,13.66,,
Daniel Ilett,Unity Shader Graph Basics (Part 1 - Your First Shader),https://www.youtube.com/watch?v=TbZYoSu1w8Y,"Beginner Guides (Beginner Guides, Shader Graph & Shaders)",173402,2024-08-09,07:40,460,19.69,-52.58,-2.15,,
Daniel Ilett,How To Use All 200+ Nodes in Unity Shader Graph,https://www.youtube.com/watch?v=84A1FcQt9v4,Shader Graph & Shaders (Shader Graph & Shaders),170615,2021-08-10,01:21:31,4891,-6.96,-84.36,-9.26,,
Sasquatch B Studios,Make Flappy Bird in 5 Minutes (Unity Tutorial),https://www.youtube.com/watch?v=hKGzSYXPQwY,C# Programming & Logic (C# Programming & Logic),170470,2023-08-10,06:02,362,120.0,-12.98,14.15,,
Jason Weimann (GameDev),"Unity3D Physics - Rigidbodies, Colliders, Triggers",https://www.youtube.com/watch?v=dLYTwDQmjdo,3D Physics & Raycasting (3D Physics & Raycasting),168854,2020-08-10,30:25,1825,34.11,90.15,-68.43,,
Gamedev Greedable,How to Create 2D Sprites & Import Them into Unity - Workflow Tutorial,https://www.youtube.com/watch?v=l7aEJufAXfk,2D Physics & Movement (2D Physics & Movement),168624,2023-08-10,09:00,540,12.64,106.92,37.06,,
semikoder,How to make the Best Player Controller in Unity,https://www.youtube.com/watch?v=z3dequX5g_E,3D Physics & Raycasting (3D Physics & Raycasting),167997,2025-08-09,08:03,483,65.0,91.39,-23.76,,
Sebastian Lague,Field of view visualisation (E02),https://www.youtube.com/watch?v=73Dc5JTCmKI,Beginner Guides (Beginner Guides),167302,2016-08-11,27:22,1642,-120.0,-0.05,-3.01,,
Gabriel Aguiar Prod.,Unity Shader Graph - Laser Beam Tutorial,https://www.youtube.com/watch?v=mGd3nYXj1Oc,Shader Graph & Shaders (Shader Graph & Shaders),167271,2019-08-11,24:55,1495,16.81,-91.97,-5.99,,
MadCat Tutorials,Unity UI Toolkit in 5 Minutes,https://www.youtube.com/watch?v=yUXFHAOXhcA,UI Canvas & HUD Design (UI Canvas & HUD Design),166541,2023-08-10,05:46,346,35.0,-19.64,-53.55,,
Sebastian Lague,Introduction to Game Development (E18: raycasting),https://www.youtube.com/watch?v=fFq5So-UB0E,Beginner Guides (Beginner Guides),164542,2017-08-11,20:58,1258,-52.66,42.32,-6.14,,
Game Dev Guide,Building Runtime UI with UI Toolkit In Unity,https://www.youtube.com/watch?v=6DcwHPxCE54,UI Canvas & HUD Design (UI Canvas & HUD Design),164382,2024-08-09,21:35,1295,44.42,-38.39,-75.68,,
Code Monkey,"Make Animations WITHOUT making Animations! (Grab Items, Carry Objects, Do Anything, IK)",https://www.youtube.com/watch?v=UL2EbxqwozM,"C# Programming & Logic (C# Programming & Logic, Animator & State Machines)",163695,2022-08-10,12:59,779,92.61,-5.21,61.67,,
Game Code Library,"Idle, Run and Jump Animations - Platformer Unity 2D",https://www.youtube.com/watch?v=Sg_w8hIbp4Y,"2D Physics & Movement (2D Physics & Movement, Animator & State Machines)",163234,2023-08-10,10:12,612,0.76,69.08,58.01,,
Code Monkey,Simple UI Setup (Unity Tutorial for Beginners),https://www.youtube.com/watch?v=VHFJgQraVUs,"Beginner Guides (Beginner Guides, UI Canvas & HUD Design)",163209,2018-08-11,05:29,329,8.01,0.52,-95.61,,
Tecnezo,Game Development with Unity | C# | Urdu / Hindi,https://www.youtube.com/watch?v=IjqN3GvQSy8,Beginner Guides (Beginner Guides),162762,2023-08-10,09:22:37,33757,-56.82,37.13,-21.19,,
Toyful Games,Making A Physics Based Character Controller In Unity (for Very Very Valet),https://www.youtube.com/watch?v=qdskE8PJy6Q,3D Physics & Raycasting (3D Physics & Raycasting),162171,2021-08-10,07:25,445,76.26,73.32,-21.58,,
Brackeys,MULTIPLE TARGET CAMERA in Unity,https://www.youtube.com/watch?v=aLpixrPvlB8,Beginner Guides (Beginner Guides),162093,2018-08-11,12:55,775,-63.89,-82.23,18.31,,
Code Monkey,"How to Talk to NPCs! (or Interact with any Object, Open Doors, Push Buttons, Unity Tutorial)",https://www.youtube.com/watch?v=LdoImzaY6M4,Beginner Guides (Beginner Guides),160740,2023-08-10,24:46,1486,-80.45,-62.95,-21.38,,
Gabriel Aguiar Prod.,Unity Shader Graph - Portal Shader Tutorial,https://www.youtube.com/watch?v=w0znZIuvQ2I,Shader Graph & Shaders (Shader Graph & Shaders),160022,2019-08-11,12:47,767,24.16,-74.09,-5.74,,
CG Smoothie,The BEST Outline Shader Graph Tutorial | Unity Tutorials,https://www.youtube.com/watch?v=Bm6Bmcjd1Mw,Shader Graph & Shaders (Shader Graph & Shaders),159919,2023-08-10,14:13,853,0.7,-99.49,-19.84,,
Code Monkey,"What are Scriptable Objects? (EXTREMELY Useful, Make your games Designer Friendly)",https://www.youtube.com/watch?v=7jxS8HIny3Q,Beginner Guides (Beginner Guides),155311,2020-08-10,09:22,562,-24.93,16.21,61.46,,
Jayanam,Unity UI Panel Animation Tutorial,https://www.youtube.com/watch?v=mz9xfDQ4FCk,"UI Canvas & HUD Design (UI Canvas & HUD Design, Animator & State Machines)",154728,2019-08-11,05:20,320,50.85,-19.77,-41.02,,
ButWhyLevin,This Is Why You Can’t Figure Out Programming In Unity! (C# Tutorial),https://www.youtube.com/watch?v=97PeSdLarns,C# Programming & Logic (C# Programming & Logic),153140,2023-08-10,09:25,565,82.56,-12.66,22.81,,
Code Monkey,Simple Liquid Simulation in Unity!,https://www.youtube.com/watch?v=_8v4DRhHu2g,Beginner Guides (Beginner Guides),151857,2021-08-10,15:45,945,-62.41,49.82,65.48,,
Sebastian Lague,Introduction to Game Development (E06: a simple game),https://www.youtube.com/watch?v=jitkNxnn-s8,Beginner Guides (Beginner Guides),150200,2016-08-11,16:32,992,-52.63,57.35,-6.31,,
Tamara Makes Games,"Isometric Game: 3 Ways to Do It - 2D, 3D | Unity Tutorial",https://www.youtube.com/watch?v=XeqKQBIa43g,"2D Physics & Movement (2D Physics & Movement, 3D Physics & Raycasting)",149767,2021-08-10,16:29,989,19.35,89.69,32.82,,
Daniel Ilett,10 Shaders in 10 Minutes - Unity Shader Graph,https://www.youtube.com/watch?v=vje0x1BNpp8,Shader Graph & Shaders (Shader Graph & Shaders),149206,2022-08-10,09:37,577,-1.98,-107.2,0.65,,
Gabriel Aguiar Prod.,Unity Shader Graph - Liquid Effect Tutorial,https://www.youtube.com/watch?v=tI3USKIbnh0,Shader Graph & Shaders (Shader Graph & Shaders),147786,2021-08-10,11:40,700,50.21,-94.97,-1.19,,
Unity,C# Coroutines in Unity! - Intermediate Scripting Tutorial,https://www.youtube.com/watch?v=5L9ksCs6MbE,C# Programming & Logic (C# Programming & Logic),147136,2019-08-11,04:20,260,68.24,-16.95,11.97,,
Sebastian Lague,[Unity] 2D Curve Editor (E01: introduction and concepts),https://www.youtube.com/watch?v=RF04Fi9OCPc,"Beginner Guides (Beginner Guides, 2D Physics & Movement)",146515,2018-08-11,03:49,229,-24.38,102.86,8.71,,
Wild Cockatiel Games,How to Setup Animator and Animations in Unity 2D,https://www.youtube.com/watch?v=AdQz2wStdLY,"2D Physics & Movement (2D Physics & Movement, Animator & State Machines)",146269,2025-08-09,07:18,438,0.02,65.01,73.76,,
The Code Anvil,How to Make Cutscenes with Timeline -UNITY TUTORIAL-,https://www.youtube.com/watch?v=Zb5GxSz5mSI,2D Physics & Movement (2D Physics & Movement),144209,2022-08-10,07:51,471,12.84,86.21,55.6,,
Rytech,How to Create Player Movement in UNITY (Rigidbody & Character Controller),https://www.youtube.com/watch?v=b1uoLBp2I1w,3D Physics & Raycasting (3D Physics & Raycasting),143939,2021-08-10,22:02,1322,58.44,74.97,-14.23,,
Code Monkey,Learn Unity DOTS! (FREE Tutorial Course),https://www.youtube.com/watch?v=1gSnTlUjs-s,Beginner Guides (Beginner Guides),142046,2025-08-09,07:24:05,26645,-20.6,27.09,-76.82,,
Unity,C# Enabling and Disabling Components in Unity! - Beginner Scripting Tutorial,https://www.youtube.com/watch?v=PCdg3cnQfZ4,"Beginner Guides (Beginner Guides, C# Programming & Logic)",141596,2019-08-11,01:21,81,32.21,12.18,-9.96,,
Unity,C# Lists and Dictionaries in Unity! - Intermediate Scripting Tutorial,https://www.youtube.com/watch?v=0WdWiF_Si4I,C# Programming & Logic (C# Programming & Logic),139849,2019-08-11,05:50,350,79.87,-11.77,1.36,,
JD Dev,Unity 6 - Complete Beginners Tutorial (2025),https://www.youtube.com/watch?v=vQY4jsho1nQ,Beginner Guides (Beginner Guides),138974,2025-08-09,20:14,1214,-3.12,-32.77,-13.18,,
SpeedTutor,How To Create Buttons in Unity | Beginner UI Tutorial,https://www.youtube.com/watch?v=gSfdCke3684,"Beginner Guides (Beginner Guides, UI Canvas & HUD Design)",138525,2021-08-10,05:38,338,4.17,-4.43,-111.87,,
Unity,C# Classes in Unity! - Beginner Scripting Tutorial,https://www.youtube.com/watch?v=odKtPBsyFnw,"Beginner Guides (Beginner Guides, C# Programming & Logic)",137168,2019-08-11,06:33,393,27.64,6.0,14.43,,
Sebastian Lague,Introduction to Game Development (E23: stealth game 1/3),https://www.youtube.com/watch?v=jUdx_Nj4Xk0,Beginner Guides (Beginner Guides),136507,2017-08-11,15:35,935,-64.13,46.83,1.01,,
Unity,C# GetComponent in Unity! - Beginner Scripting Tutorial,https://www.youtube.com/watch?v=xbDKC4zP9XY,"Beginner Guides (Beginner Guides, C# Programming & Logic)",135719,2019-08-11,03:02,182,13.23,11.62,12.41,,
Sasquatch B Studios,Get started with UI Toolkit in Unity,https://www.youtube.com/watch?v=_jtj73lu2Ko,"C# Programming & Logic (C# Programming & Logic, UI Canvas & HUD Design)",133715,2024-08-09,12:28,748,69.47,-41.17,-25.92,,
Code Monkey,Simple Sound Manager (Unity Tutorial),https://www.youtube.com/watch?v=QL29aTa7J5Q,"2D Physics & Movement (2D Physics & Movement, 3D Physics & Raycasting)",131440,2019-08-11,19:27,1167,2.29,87.99,28.2,,
Brackeys,"9. Unity Tutorial, PARTICLES - MAKE A GAME",https://www.youtube.com/watch?v=f6s9RO8pZZc,VFX & Particles (VFX & Particles),130941,2014-08-12,18:58,1138,9.82,-61.11,62.7,,
Tarodev,Placing 3D objects on a Unity canvas,https://www.youtube.com/watch?v=8yzpjkoE0YA,"3D Physics & Raycasting (3D Physics & Raycasting, UI Canvas & HUD Design)",130577,2021-08-10,02:25,145,76.21,37.43,-44.44,,
Gabriel Aguiar Prod.,Unity VFX & Shader Graph - Black Hole Effect Tutorial,https://www.youtube.com/watch?v=FlE8e1JwVzs,"Shader Graph & Shaders (Shader Graph & Shaders, VFX & Particles)",128583,2020-08-10,17:25,1045,22.06,-77.66,34.81,,
Unity,C# Loops in Unity! - Beginner Scripting Tutorial,https://www.youtube.com/watch?v=Jefkb3Gm7vE,"Beginner Guides (Beginner Guides, C# Programming & Logic)",127473,2021-08-10,06:31,391,24.3,16.38,4.4,,
Unity,Making a Toon Shader with Unity! (Shader Graph tutorial),https://www.youtube.com/watch?v=_jTXd3x6gOY,Shader Graph & Shaders (Shader Graph & Shaders),126755,2020-08-10,06:27,387,8.59,-75.03,-18.18,,
Sebastian Lague,[Unity] Creating a 2D Platformer (E03. jump physics),https://www.youtube.com/watch?v=PlT44xr0iW0,"2D Physics & Movement (2D Physics & Movement, 3D Physics & Raycasting)",125531,2015-08-12,14:33,873,-0.73,70.82,33.13,,
Code Monkey,"Character Controller in Unity 2D! (Move, Dodge, Dash)",https://www.youtube.com/watch?v=Bf_5qIt9Gr8,"2D Physics & Movement (2D Physics & Movement, 3D Physics & Raycasting)",125529,2020-08-10,23:41,1421,29.12,80.68,42.61,,
RETRODEAD,A Beginners Guide to Game Development | Indie Game Dev Tutorial,https://www.youtube.com/watch?v=wBfc80Uvi_Q,Beginner Guides (Beginner Guides),124909,2025-08-09,10:22,622,-66.4,47.21,-38.39,,
Unity,C# Update And Fixed Update in Unity! - Beginner Scripting Tutorial,https://www.youtube.com/watch?v=u42aWzAIAqg,"Beginner Guides (Beginner Guides, C# Programming & Logic)",123572,2019-08-11,02:55,175,21.72,-11.29,-10.15,,
Sasquatch B Studios,A Better Way to Code Your Characters in Unity | Finite State Machine | Tutorial,https://www.youtube.com/watch?v=RQd44qSaqww,"C# Programming & Logic (C# Programming & Logic, Animator & State Machines)",122772,2023-08-10,16:09,969,70.93,4.33,57.23,,
SpeedTutor,2- C# Beginner Programming Series - Trigger Events - Unity,https://www.youtube.com/watch?v=02NI9kwOOKo,"Beginner Guides (Beginner Guides, C# Programming & Logic)",122367,2016-08-11,12:30,750,31.06,-11.44,14.06,,
Unity,ProBuilder for grey-boxing in Unity | Tutorial,https://www.youtube.com/watch?v=YsBniZ5ya7k,Beginner Guides (Beginner Guides),121809,2024-08-09,18:44,1124,-34.21,-29.16,-37.22,,
Gabriel Aguiar Prod.,Unity Shader Graph - Toxic Waterfall Effect Tutorial,https://www.youtube.com/watch?v=uOhWT6TxZgE,Shader Graph & Shaders (Shader Graph & Shaders),121444,2022-08-10,19:27,1167,41.63,-85.3,-20.83,,
Binary Lunar,Stylized Grass with Wind Effect Shader Graph  in Unity Engine - Step by Step Tutorial,https://www.youtube.com/watch?v=IjfBlUtJF_0,Shader Graph & Shaders (Shader Graph & Shaders),119262,2024-08-09,40:47,2447,35.02,-120.0,-14.28,,
Code Monkey,How to make Simple Multiplayer Game! (FREE Course Unity Tutorial Netcode for Game Objects),https://www.youtube.com/watch?v=YmUnXsOp_t0,Beginner Guides (Beginner Guides),117383,2025-08-09,03:04:55,11095,-19.77,26.93,-52.68,,
Unity,Animator Sub-state machine hierarchies - Unity Official Tutorials,https://www.youtube.com/watch?v=lpekqN4_4xg,"Beginner Guides (Beginner Guides, Animator & State Machines)",115462,2015-08-12,08:32,512,31.29,18.11,56.43,,
Unity,Rigidbody 2D - Official Unity Tutorial,https://www.youtube.com/watch?v=rq6c2B_socs,"Beginner Guides (Beginner Guides, 2D Physics & Movement, 3D Physics & Raycasting)",114606,2014-08-12,07:49,469,-11.14,84.31,9.73,,
Thomas Brush,The Hollow Knight Look IN 15 MINS (EASY 2D UNITY TUTORIAL),https://www.youtube.com/watch?v=ke0k2o9-yJo,2D Physics & Movement (2D Physics & Movement),114050,2022-08-10,16:29,989,26.31,91.41,66.01,,
Mythmatic,8 Months of Unity Dev with Claude Code,https://www.youtube.com/watch?v=GxZLC00yJ5g,C# Programming & Logic (C# Programming & Logic),112976,2026-02-10,17:00,1020,61.26,-17.94,33.98,,
Code Monkey,What is a GameObject (Unity Tutorial for Beginners),https://www.youtube.com/watch?v=uCA8Q3nwaz4,Beginner Guides (Beginner Guides),111484,2018-08-11,05:34,334,-17.09,-40.69,5.08,,
Game Code Library,Build Any 2D Top Down Game in Unity | Modular Template Tutorial (45+ Features),https://www.youtube.com/watch?v=HAVp6Z8b4xA,2D Physics & Movement (2D Physics & Movement),109531,2026-01-11,07:46:21,27981,-4.01,107.06,59.52,,
Unity,2D Physics Overview - Unity Official Tutorial,https://www.youtube.com/watch?v=xEVXE7_YILk,"Beginner Guides (Beginner Guides, 2D Physics & Movement, 3D Physics & Raycasting)",108930,2014-08-12,06:07,367,-1.13,80.68,2.88,,
Unity,C# If Statements in Unity! - Beginner Scripting Tutorial,https://www.youtube.com/watch?v=PQihrWCOSic,"Beginner Guides (Beginner Guides, C# Programming & Logic)",107812,2021-08-10,01:37,97,11.9,8.5,-6.14,,
Sebastian Graves,A.I State Machine Made EASY (Unity),https://www.youtube.com/watch?v=cnpJtheBLLY,Animator & State Machines (Animator & State Machines),107226,2021-08-10,08:09,489,14.53,-0.08,95.22,,
ユニブレ　ゲームクラフト,【C#入門】Unityゲーム開発初心者のためのC#超基礎講座【ゲーム開発】,https://www.youtube.com/watch?v=ONW2mg_n6Xw,C# Programming & Logic (C# Programming & Logic),104416,2022-08-10,01:11:16,4276,87.6,-25.43,16.18,,
Brackeys,"11. Unity Tutorial, SOUND - MAKE A GAME",https://www.youtube.com/watch?v=xafs9uljpqE,Beginner Guides (Beginner Guides),103495,2014-08-12,31:16,1876,-0.78,6.97,-41.61,,
Code Monkey,Easily Control Cameras with Cinemachine in Unity!,https://www.youtube.com/watch?v=Ml8ptNeezsU,Beginner Guides (Beginner Guides),102482,2020-08-10,12:20,740,-17.04,-13.81,11.52,,
Unity,C# Interfaces in Unity! - Intermediate Scripting Tutorial,https://www.youtube.com/watch?v=50_qBoKGKxs,C# Programming & Logic (C# Programming & Logic),102292,2019-08-11,04:06,246,64.37,-16.61,-6.42,,
LuisCanary,COMPLETE 2D Unity Tutorial from SCRATCH | Create Your Own Game!🎮,https://www.youtube.com/watch?v=mtA2iIGNCkA,2D Physics & Movement (2D Physics & Movement),102138,2025-08-09,01:16:45,4605,1.83,115.63,45.96,,
Code Monkey,Be CAREFUL with Scriptable Objects!,https://www.youtube.com/watch?v=5a-ztc5gcFw,Beginner Guides (Beginner Guides),101699,2023-08-10,08:26,506,-26.42,13.66,45.88,,
Tamara Makes Games,3D Games with 2D Sprites | Unity Tutorial,https://www.youtube.com/watch?v=RzLwLguQidQ,"2D Physics & Movement (2D Physics & Movement, 3D Physics & Raycasting)",101077,2022-08-10,08:58,538,14.83,94.09,18.05,,
Unity,Triplanar Effect in Unity URP (Shader Graph Tutorial),https://www.youtube.com/watch?v=eZqd68YaY2U,"Shader Graph & Shaders (Shader Graph & Shaders, URP & Lighting Setup)",99953,2020-08-10,08:34,514,18.49,-79.1,-46.39,,
AdamCYounis,Code Class - Build your own State Machines!,https://www.youtube.com/watch?v=-jkT4oFi1vk,C# Programming & Logic (C# Programming & Logic),98505,2024-08-09,36:42,2202,78.6,-8.69,40.32,,
Unity,C# Arrays in Unity! - Beginner Scripting Tutorial,https://www.youtube.com/watch?v=Zn4BDIXhy-M,"Beginner Guides (Beginner Guides, C# Programming & Logic)",96633,2021-08-10,04:52,292,27.55,1.37,0.87,,
Unity,C# Scope and Access Modifiers in Unity! - Beginner Scripting Tutorial,https://www.youtube.com/watch?v=_0oBLCJcpCs,"Beginner Guides (Beginner Guides, C# Programming & Logic)",96468,2019-08-11,06:04,364,15.3,-2.4,8.42,,
AdamCYounis,Building code-free shaders in Unity with Shader Graph,https://www.youtube.com/watch?v=mRDG5sQYjdo,"C# Programming & Logic (C# Programming & Logic, Shader Graph & Shaders)",94703,2023-08-10,30:02,1802,59.11,-77.25,31.83,,
A Bit Of Game Dev,Unity Shader Graph VFX - Bubble Shield (Tutorial),https://www.youtube.com/watch?v=jdAbVkre8cw,"C# Programming & Logic (C# Programming & Logic, Shader Graph & Shaders)",94034,2022-08-10,19:19,1159,56.12,-64.79,32.53,,
Justin P Barnett,How to Make a VR Game in Unity,https://www.youtube.com/watch?v=Jfj1BoncFWo,Beginner Guides (Beginner Guides),91551,2025-08-09,18:33,1113,-33.39,21.13,-33.5,,
Unity,Simulating Wind in URP (Shader Graph Tutorial),https://www.youtube.com/watch?v=ZsoqrHHtg4I,"Shader Graph & Shaders (Shader Graph & Shaders, URP & Lighting Setup)",91091,2020-08-10,06:59,419,6.01,-70.07,-44.35,,
Gabriel Aguiar Prod.,Unity Shader Graph - Snow Interactive Effect Tutorial,https://www.youtube.com/watch?v=ftCyZ7F5q9E,Shader Graph & Shaders (Shader Graph & Shaders),89386,2021-08-10,16:52,1012,45.07,-74.32,-6.3,,
Devin Curry,Unity Touch Joysticks Canvas UI Tutorial - Touch Input FPS Controller,https://www.youtube.com/watch?v=l7YiASYgDC0,UI Canvas & HUD Design (UI Canvas & HUD Design),89276,2015-08-12,33:34,2014,80.59,-3.35,-58.72,,
The Game Guy,How to Make 2D Endless Runner Game in Unity - Beginner Friendly - Dino Game,https://www.youtube.com/watch?v=xcmYsc2BY-U,"Beginner Guides (Beginner Guides, 2D Physics & Movement)",86189,2022-08-10,18:10,1090,-49.12,103.11,22.24,,
Code Monkey,"Place UI Elements in your World! (Health Bar, Overlays, Timers - World Space Canvas)",https://www.youtube.com/watch?v=Zwgj3mwOVlg,UI Canvas & HUD Design (UI Canvas & HUD Design),86114,2021-08-10,07:26,446,81.31,-27.03,-77.22,,
Condescending Snail,Smooth rigidbody first person movement in Unity,https://www.youtube.com/watch?v=UWCvT3o1cks,3D Physics & Raycasting (3D Physics & Raycasting),85659,2023-08-10,00:10,10,40.82,74.65,-26.51,,
Bliz Studio,Unity VR XR Interaction Toolkit - UI Menu and Interactions,https://www.youtube.com/watch?v=Qb_8POkFwlk,UI Canvas & HUD Design (UI Canvas & HUD Design),84704,2023-08-10,07:51,471,19.43,-16.96,-63.01,,
Unity,Performance optimization tips: Physics in Unity | Tutorial,https://www.youtube.com/watch?v=pTz3LMQpvfA,3D Physics & Raycasting (3D Physics & Raycasting),83862,2021-08-10,12:38,758,47.42,70.25,-42.09,,
Gabriel Aguiar Prod.,Unity Shader Graph - Intersection Effect Tutorial,https://www.youtube.com/watch?v=Uyw5yBFEoXo,Shader Graph & Shaders (Shader Graph & Shaders),83791,2023-08-10,10:10,610,35.5,-88.21,-2.74,,
LuisCanary,Cómo CREAR un VIDEOJUEGO en UNITY desde CERO 🎮 Curso Paso a Paso para PRINCIPIANTES,https://www.youtube.com/watch?v=FVLeh1Y2G5c,Beginner Guides (Beginner Guides),83425,2025-11-12,03:32:48,12768,-101.24,-25.62,46.61,,
Code Monkey,Converting 2D into 3D! (Unity Tutorial),https://www.youtube.com/watch?v=3zxTigjJr24,"2D Physics & Movement (2D Physics & Movement, 3D Physics & Raycasting)",82984,2020-08-10,17:25,1045,13.75,78.66,23.53,,
Daniel Ilett,Outline Post Process in Unity Shader Graph (URP),https://www.youtube.com/watch?v=VGEz8oKyMpY,"Shader Graph & Shaders (Shader Graph & Shaders, URP & Lighting Setup)",81918,2023-08-10,08:23,503,13.36,-92.91,-52.07,,
Unity,C# Switch Statements in Unity! - Beginner Scripting Tutorial,https://www.youtube.com/watch?v=-PWvI3q6_OE,"Beginner Guides (Beginner Guides, C# Programming & Logic)",81813,2019-08-11,04:14,254,11.9,8.5,-6.14,,
Smart Penguins,"Unity Physics: Static, Kinematic, Dynamic",https://www.youtube.com/watch?v=xp37Hz1t1Q8,"Beginner Guides (Beginner Guides, 3D Physics & Raycasting)",81805,2021-08-10,07:07,427,3.44,50.46,-10.82,,
Sasquatch B Studios,10 Unity Tips You (Probably) Didn't Know About,https://www.youtube.com/watch?v=fmbYlYU7z9Y,C# Programming & Logic (C# Programming & Logic),79502,2023-08-10,06:46,406,89.66,-53.39,25.75,,
DebugDevin,Build Stunning UI Faster with Unity UI Toolkit (Unity 6).,https://www.youtube.com/watch?v=W3NNx7polyQ,UI Canvas & HUD Design (UI Canvas & HUD Design),77805,2025-08-09,23:03,1383,47.97,-30.55,-60.03,,
Sebastian Lague,[Unity] Creating a 2D Platformer (E06. moving platform basics),https://www.youtube.com/watch?v=z20wHJSXk98,"Beginner Guides (Beginner Guides, 2D Physics & Movement)",77076,2015-08-12,19:58,1198,-36.13,79.67,38.74,,
Christina Creates Games,Unity UI canvas modes and canvas scaler explained,https://www.youtube.com/watch?v=1OwQflHq5kg,UI Canvas & HUD Design (UI Canvas & HUD Design),75620,2024-08-09,22:47,1367,63.06,-5.09,-69.65,,
Jojik,Setup Animations - UNITY 3D RPG COMBAT SYSTEM using FSM & Input System (pt.1),https://www.youtube.com/watch?v=oyJN53HjExg,"3D Physics & Raycasting (3D Physics & Raycasting, Animator & State Machines)",75264,2022-08-10,09:25,565,60.76,59.02,10.68,,
One Wheel Studio,"Delegates, Events, Actions and Funcs - The Observer Pattern (Unity & C#)",https://www.youtube.com/watch?v=UWMmib1RYFE,Beginner Guides (Beginner Guides),74420,2020-08-10,11:48,708,-70.37,-30.82,-73.87,,
Code Monkey,"""Why I'm glad I didn't use Unity"" - Code Monkey Reacts",https://www.youtube.com/watch?v=UscalWuaCmE,C# Programming & Logic (C# Programming & Logic),73399,2024-08-09,18:51,1131,73.46,-42.04,41.15,,
Gabriel Aguiar Prod.,Unity Shader Graph - Glowing Crystals Tutorial,https://www.youtube.com/watch?v=1GPvI-5bOSk,Shader Graph & Shaders (Shader Graph & Shaders),71678,2021-08-10,13:14,794,16.81,-91.97,-5.99,,
Gabriel Aguiar Prod.,Unity Shader Graph - Galaxy Shader Tutorial,https://www.youtube.com/watch?v=jLUGRGdji2o,Shader Graph & Shaders (Shader Graph & Shaders),69024,2020-08-10,16:00,960,24.16,-74.09,-5.74,,
Small Hedge Games,"Don't use the Unity Animator, Use Code Instead! - Tutorial",https://www.youtube.com/watch?v=I3_i-x9nCjs,"C# Programming & Logic (C# Programming & Logic, Animator & State Machines)",68343,2024-08-09,19:15,1155,84.1,11.92,67.34,,
Code Monkey,The FUTURE of Unity! (and Unity 7 is DEAD!),https://www.youtube.com/watch?v=UzddfPG2zr4,Beginner Guides (Beginner Guides),68299,2025-12-12,16:35,995,-29.77,-11.52,30.49,,
Unity,Level up your code with game programming patterns: Factory pattern | Tutorial,https://www.youtube.com/watch?v=lJMY0YdaY9c,C# Programming & Logic (C# Programming & Logic),67603,2024-08-09,07:00,420,93.77,-27.47,47.93,,
LuisCanary,UNITY From Scratch/Tutorial/UI-HUD Canvas/ 3-Chapter/Video Game Programming,https://www.youtube.com/watch?v=rXMeDUJGsOo,"C# Programming & Logic (C# Programming & Logic, UI Canvas & HUD Design)",65766,2023-08-10,23:26,1406,76.91,-38.79,-34.0,,
Gabriel Aguiar Prod.,Unity Shader Graph - Clouds Tutorial,https://www.youtube.com/watch?v=xxhvUyvIH6s,Shader Graph & Shaders (Shader Graph & Shaders),65703,2021-08-10,16:59,1019,16.81,-91.97,-5.99,,
Sebastian Lague,[Unity 5] Object Pooling Tutorial,https://www.youtube.com/watch?v=LhqP3EghQ-Q,Beginner Guides (Beginner Guides),65070,2016-08-11,20:56,1256,-69.03,-48.45,-18.78,,
Bardent,State Machine Setup - 2D Platformer Player Controller - Part 21,https://www.youtube.com/watch?v=OjreMoAG9Ec,"2D Physics & Movement (2D Physics & Movement, Animator & State Machines)",64449,2020-08-10,50:33,3033,-4.45,54.38,60.56,,
LlamAcademy,Want to Start Writing Code in Unity? Start Here! Unity C# Basics Part 1 - Writing Your First Script,https://www.youtube.com/watch?v=SXaa61JWLDw,"Beginner Guides (Beginner Guides, C# Programming & Logic)",63606,2022-08-10,30:19,1819,8.97,20.12,32.16,,
Unity,C# Generics in Unity! - Intermediate Scripting Tutorial,https://www.youtube.com/watch?v=LnjuFeHLQ2Y,C# Programming & Logic (C# Programming & Logic),62720,2019-08-11,04:19,259,79.87,-11.77,1.36,,
Sasquatch B Studios,Creating Rope Objects with Physics | Unity Tutorial,https://www.youtube.com/watch?v=iGlD3f-5JpA,"C# Programming & Logic (C# Programming & Logic, 3D Physics & Raycasting)",62142,2024-08-09,10:35,635,99.82,15.89,5.48,,
3DBuzz,Modern GUI Development in Unity 4.6 - #3: The Canvas,https://www.youtube.com/watch?v=at6gUB_-HII,UI Canvas & HUD Design (UI Canvas & HUD Design),62031,2015-08-12,32:25,1945,48.48,5.73,-66.23,,
Potato Code,How to Make a Rigidbody Player Controller with Unity's Input System,https://www.youtube.com/watch?v=1LtePgzeqjQ,3D Physics & Raycasting (3D Physics & Raycasting),60541,2022-08-10,25:45,1545,61.06,89.49,-9.3,,
Binary Impact,Unity Shadergraph Tutorial - Cracked Ice,https://www.youtube.com/watch?v=rlGNbq5p5CQ,3D Physics & Raycasting (3D Physics & Raycasting),60314,2019-08-11,12:14,734,57.88,60.64,-37.39,,
Gabriel Aguiar Prod.,Unity Shader Graph - Sci-Fi Barrier / Shield Tutorial,https://www.youtube.com/watch?v=rB4YMQmO8Mw,Shader Graph & Shaders (Shader Graph & Shaders),58551,2023-08-10,21:06,1266,31.38,-93.58,15.0,,
Unity,Making 2D games with Unity for beginners – Ruby's Adventure,https://www.youtube.com/watch?v=mkBPGC0BVXg,2D Physics & Movement (2D Physics & Movement),56930,2019-08-11,01:09,69,24.26,100.69,49.35,,
Game Dev Beginner,Learn C# in Unity - Complete Course for Beginners,https://www.youtube.com/watch?v=Zrt0iEBBkRM,C# Programming & Logic (C# Programming & Logic),56450,2025-11-12,01:13:53,4433,75.28,-38.1,19.28,,
AnanDEV,Rigidbody in Unity - Everything You Need to Know,https://www.youtube.com/watch?v=Y3xkgpCukow,3D Physics & Raycasting (3D Physics & Raycasting),56297,2023-08-10,09:03,543,48.26,42.47,-46.81,,
Sebastian Lague,[Unity] Creating a 2D Platformer (E07. moving platform collisions),https://www.youtube.com/watch?v=AWbebFJXg0Y,2D Physics & Movement (2D Physics & Movement),55624,2015-08-12,13:46,826,-20.11,79.73,53.67,,
Unity,C# Namespaces in Unity! - Intermediate Scripting Tutorial,https://www.youtube.com/watch?v=LtQs5FzdQ2k,C# Programming & Logic (C# Programming & Logic),54879,2021-08-10,03:00,180,68.24,-16.95,11.97,,
Sebastian Lague,[Unity Tutorial] Online Highscores 01 (dreamlo),https://www.youtube.com/watch?v=KZuqEyxYZCc,C# Programming & Logic (C# Programming & Logic),54819,2015-08-12,16:07,967,87.89,0.77,17.29,,
Jason Weimann (GameDev),Make a Complete Unity Game – 27 Hour Beginner Course (No Experience Needed),https://www.youtube.com/watch?v=mvdhOEsCkAg,"Beginner Guides (Beginner Guides, C# Programming & Logic)",54654,2025-12-12,27:02:01,97321,13.78,-14.62,27.34,,
AdamCYounis,Bringing My Pixel Art to Life in Unity [with Custom Animator & State Machines],https://www.youtube.com/watch?v=hg1U-zKAmP4,Animator & State Machines (Animator & State Machines),54141,2022-08-10,30:17,1817,26.4,28.56,99.99,,
Code Monkey,This Dev took my GAME and made it AWESOME!,https://www.youtube.com/watch?v=Aehydn9TJYU,Beginner Guides (Beginner Guides),53652,2023-08-10,04:04,244,-62.3,23.49,-63.53,,
MichaelsGameLab,URP Outline Shader - Unity Shader Graph (Tutorial),https://www.youtube.com/watch?v=VGIkT9fPh7Y,"3D Physics & Raycasting (3D Physics & Raycasting, Shader Graph & Shaders, URP & Lighting Setup)",51102,2024-08-09,10:37,637,17.02,-79.82,-64.42,,
SilverlyBee,Breakout | Simple Game Tutorial Unity 2D for Beginners,https://www.youtube.com/watch?v=jyXZ3RVe5as,2D Physics & Movement (2D Physics & Movement),50951,2023-08-10,26:22,1582,11.65,102.79,60.74,,
Versatile Vertices,The BEST Way to Learn Unity (No One Talks About),https://www.youtube.com/watch?v=1x6n4ZqOFB4,Beginner Guides (Beginner Guides),50053,2025-08-09,03:47,227,-34.91,59.51,-73.94,,
Gabriel Aguiar Prod.,HOW TO CREATE A GHOST in Unity - Shader Graph Tutorial,https://www.youtube.com/watch?v=KFMOD9jLCUg,Shader Graph & Shaders (Shader Graph & Shaders),48997,2021-08-10,11:10,670,14.84,-100.65,12.25,,
Sebastian Lague,[Unity] 2D Curve Editor (E03: closed path and auto-controls),https://www.youtube.com/watch?v=nNmFLWup4_k,2D Physics & Movement (2D Physics & Movement),45963,2018-08-11,20:29,1229,-0.45,113.66,23.03,,
Jojik,Unity 3D Character Controller using FSM & New Input System,https://www.youtube.com/watch?v=QVxvwRAYeHU,"3D Physics & Raycasting (3D Physics & Raycasting, Animator & State Machines)",45950,2022-08-10,33:28,2008,70.15,63.8,3.83,,
Code Monkey,How REAL Developers Build Complex Games!,https://www.youtube.com/watch?v=4kg2N-t2tWI,C# Programming & Logic (C# Programming & Logic),45874,2025-08-09,10:15,615,70.28,2.4,27.05,,
PixTrick,[TUTORIAL] Custom Shadows in Unity URP using Shader Graph,https://www.youtube.com/watch?v=GiJbur0CrnU,"Shader Graph & Shaders (Shader Graph & Shaders, URP & Lighting Setup)",43380,2023-08-10,07:50,470,1.25,-82.0,-54.79,,
Ketra Games,Push Obstacles Using a Character Controller (Unity Tutorial),https://www.youtube.com/watch?v=3BOn2gs7z04,3D Physics & Raycasting (3D Physics & Raycasting),43362,2022-08-10,06:00,360,68.45,59.13,-19.93,,
Code Monkey,What is the DIFFERENCE between Transform and GameObject? (Unity Tutorial for Beginners),https://www.youtube.com/watch?v=B-dVf9wUEbg,Beginner Guides (Beginner Guides),42804,2022-08-10,06:35,395,-12.93,-40.8,16.05,,
Sasquatch B Studios,DISSOLVE Effect using Shader Graph (Unity Tutorial),https://www.youtube.com/watch?v=HYWaU97-UC4,"C# Programming & Logic (C# Programming & Logic, Shader Graph & Shaders)",42500,2023-08-10,11:07,667,62.71,-68.63,21.95,,
Gabriel Aguiar Prod.,Unity Shader Graph - Terrain Scanner Effect Tutorial,https://www.youtube.com/watch?v=9DshpqhKDz0,Shader Graph & Shaders (Shader Graph & Shaders),42373,2023-08-10,12:30,750,34.0,-105.27,0.98,,
PolyToots,"Smarter Particles in Unity: One Shader, Infinite Effects",https://www.youtube.com/watch?v=Qmgh9702vak,"Shader Graph & Shaders (Shader Graph & Shaders, VFX & Particles)",41958,2025-11-12,14:34,874,14.11,-92.11,37.19,,
Code Monkey,Should you use UI Toolkit or Unity UI (UGUI)?,https://www.youtube.com/watch?v=_UadeZn6kI8,UI Canvas & HUD Design (UI Canvas & HUD Design),41606,2025-10-13,06:40,400,32.42,-27.94,-68.85,,
Smart Penguins,Simple Moving Platform Setup Rigidbody/Character Controller - Unity Bolt Tutorial |Visual Scripting,https://www.youtube.com/watch?v=2MkNoaWJWf4,"C# Programming & Logic (C# Programming & Logic, 3D Physics & Raycasting)",39650,2021-08-10,03:00,180,79.38,8.45,-16.79,,
SpeedTutor,[Unity 4] Pushing physics objects with rigidbodies (JavaScript),https://www.youtube.com/watch?v=GVseGuTJf24,3D Physics & Raycasting (3D Physics & Raycasting),38412,2014-08-12,06:15,375,42.65,82.11,-55.16,,
Brackeys,"23. Unity Tutorial, Importing Models - Create a Survival Game",https://www.youtube.com/watch?v=iA7w8tzdyAg,Beginner Guides (Beginner Guides),37750,2013-08-12,31:33,1893,-51.46,-53.07,-50.66,,
Code Monkey,Unity 7 is RE-ANNOUNCED!,https://www.youtube.com/watch?v=2dyD9yWWtCU,Beginner Guides (Beginner Guides),36109,2026-07-26,15:21,921,-41.72,6.28,-12.53,,
KanarianDev,HOW TO MAKE A MENU IN UNITY!,https://www.youtube.com/watch?v=ijMfQtm1ZEA,UI Canvas & HUD Design (UI Canvas & HUD Design),35956,2025-08-09,05:04,304,32.26,-1.89,-63.93,,
Binary Lunar,Create a Shiny UI element with Unity's Canvas Shader Graph,https://www.youtube.com/watch?v=aP1M0ZSUDYo,"Shader Graph & Shaders (Shader Graph & Shaders, UI Canvas & HUD Design)",35100,2024-08-09,12:52,772,24.96,-116.03,18.75,,
Sasquatch B Studios,Get STARTED With Shadergraph in Unity,https://www.youtube.com/watch?v=3nyi2pv18fQ,Beginner Guides (Beginner Guides),34059,2024-08-09,16:27,987,-15.65,10.95,3.01,,
Solo Game Dev,Unity Best Mobile UI Design - Easy Tutorial (2023),https://www.youtube.com/watch?v=4RCosv9cY_M,UI Canvas & HUD Design (UI Canvas & HUD Design),33889,2023-08-10,03:28,208,36.06,-0.31,-44.87,,
Code Monkey,"Dev followed my FREE course, then made $150,000!",https://www.youtube.com/watch?v=U5Wolv65yK8,Beginner Guides (Beginner Guides),33548,2025-08-09,05:50,350,-33.88,27.3,-74.04,,
PabloMakes,Procedural Shapes ShaderGraph tutorial for Unity,https://www.youtube.com/watch?v=rj129Wc1vyo,Shader Graph & Shaders (Shader Graph & Shaders),33442,2022-08-10,27:55,1675,18.88,-105.44,-25.45,,
Gabriel Aguiar Prod.,Unity Shader Graph - Hologram Tutorial,https://www.youtube.com/watch?v=gByLTLf0snY,Shader Graph & Shaders (Shader Graph & Shaders),33363,2025-08-09,12:40,760,16.81,-91.97,-5.99,,
Sasquatch B Studios,Let's Talk Game Dev: With CodeMonkey,https://www.youtube.com/watch?v=2aglBWI0iac,Beginner Guides (Beginner Guides),32336,2023-08-10,36:59,2219,-48.03,34.53,-58.18,,
Max O'Didily,How to Render 3D Objects on a Unity UI Canvas (Simple),https://www.youtube.com/watch?v=qXQxBwTujnA,"3D Physics & Raycasting (3D Physics & Raycasting, UI Canvas & HUD Design)",30985,2024-08-09,03:38,218,87.38,43.25,-45.02,,
Code Monkey,How Beginners can make games FAST!,https://www.youtube.com/watch?v=8L_X_iQed48,Beginner Guides (Beginner Guides),30062,2024-08-09,09:58,598,-81.73,-8.82,-53.14,,
Nerd Head,"Play Video In Unity (2D, 3D, UI canvas, Full screen)",https://www.youtube.com/watch?v=5nPRYwCceTg,"2D Physics & Movement (2D Physics & Movement, 3D Physics & Raycasting, UI Canvas & HUD Design)",29860,2023-08-10,02:50,170,34.91,102.28,22.36,,
Brackeys,"20. Unity Tutorial, Improved Controls - Create a Survival Game",https://www.youtube.com/watch?v=CoP2OVuTEqA,Beginner Guides (Beginner Guides),29730,2013-08-12,11:59,719,-42.56,-63.72,-51.68,,
LlamAcademy,"Animator Transition Interrupt Sources, Explained | Unity Tutorial",https://www.youtube.com/watch?v=77dWGDFqcps,Animator & State Machines (Animator & State Machines),29716,2023-08-10,10:00,600,16.92,14.6,88.39,,
git-amend,Using IMPROVED Animation Events in Unity,https://www.youtube.com/watch?v=XEDi7fUCQos,Animator & State Machines (Animator & State Machines),29493,2025-08-09,16:00,960,1.87,5.36,109.55,,
Narcitheus,Unity canvas to big fix,https://www.youtube.com/watch?v=lj0HbHl62gY,UI Canvas & HUD Design (UI Canvas & HUD Design),29430,2022-08-10,00:26,26,56.58,-0.46,-49.78,,
Stefan 3D AI,I Gave Open-Source AI the New Unity CLI - And it’s Insane,https://www.youtube.com/watch?v=pUDcF9FCdkU,Beginner Guides (Beginner Guides),29218,2026-08-06,20:36,1236,-91.24,2.02,7.17,,
Jesse Freeman,Working With Unity 5 Animation States,https://www.youtube.com/watch?v=Monyd6Td_GI,Animator & State Machines (Animator & State Machines),28811,2015-08-12,10:38,638,20.71,11.63,108.34,,
GameDevDad,Unity 5.0: Sub-State Machine for Random Animations,https://www.youtube.com/watch?v=_Mv6tFKbKvI,Animator & State Machines (Animator & State Machines),28628,2015-08-12,40:00,2400,20.6,-0.4,67.29,,
Code Monkey,Unity HDRP is DEAD!,https://www.youtube.com/watch?v=Lm_YTrn9KYc,URP & Lighting Setup (URP & Lighting Setup),28444,2026-03-12,06:59,419,-6.94,-53.16,-78.83,,
Christina Creates Games,Unity UI Canvas Anchors explained,https://www.youtube.com/watch?v=Lf8gbfEHgcI,UI Canvas & HUD Design (UI Canvas & HUD Design),28371,2024-08-09,16:11,971,48.14,-12.16,-64.83,,
Coco Code,Unity UI Toolkit Guide: New way to build UI for your game?,https://www.youtube.com/watch?v=xed9oL0C0uU,UI Canvas & HUD Design (UI Canvas & HUD Design),28096,2025-12-12,27:49,1669,34.68,-40.25,-54.71,,
Dani Krossing,HOW TO CREATE PHYSICS IN UNITY 🎮 | Rigidbody And Colliders In Unity |  | Unity Tutorial,https://www.youtube.com/watch?v=7LVOeNalTFA,3D Physics & Raycasting (3D Physics & Raycasting),26746,2021-08-10,13:26,806,30.28,87.79,-42.05,,
Blum Studios,How to make a Hoverboard using Rigidbody Physics in Unity 2020,https://www.youtube.com/watch?v=XF4HzViMSRk,"C# Programming & Logic (C# Programming & Logic, 3D Physics & Raycasting)",26665,2020-08-10,02:51,171,94.64,25.2,-7.0,,
freeCodeCamp Español,C# for Unity - Beginner's Course,https://www.youtube.com/watch?v=Wa5Wcb2AW28,"Beginner Guides (Beginner Guides, C# Programming & Logic)",25534,2024-08-09,01:46:19,6379,18.17,0.71,26.31,,
Unity,Shader Graph: Learn with Feature Examples | Tutorial,https://www.youtube.com/watch?v=7Rqrk8hMooU,Shader Graph & Shaders (Shader Graph & Shaders),25477,2024-08-09,05:31,331,18.51,-81.42,11.04,,
Gabriel Aguiar Prod.,Unity Shader Graph - Fullscreen Shader Tutorial,https://www.youtube.com/watch?v=mNpC6nB4uFM,"Shader Graph & Shaders (Shader Graph & Shaders, VFX & Particles)",25114,2025-08-09,10:11,611,6.63,-79.36,29.01,,
Growth for Games,Unity Brick Breaker Game Tutorial - Fast and Easy,https://www.youtube.com/watch?v=fyaJQpBRk2U,Beginner Guides (Beginner Guides),24533,2022-08-10,10:40,640,-74.04,5.25,-49.33,,
iHeartGameDev,"How to Program in Unity: Using my ""BETTER"" State Machine for Procedural Animation",https://www.youtube.com/watch?v=N3jOOm--TTg,Animator & State Machines (Animator & State Machines),24195,2024-08-09,11:54,714,33.03,-18.36,110.57,,
Digvijaysinh Gohil,Simple Full Screen Outlines - Shader Graph Tutorial - Unity 6,https://www.youtube.com/watch?v=nkY2skLpA6Q,Shader Graph & Shaders (Shader Graph & Shaders),24073,2025-08-09,09:39,579,5.51,-72.36,1.32,,
Brackeys,"Bonus, Using the Assets! Unity Tutorial - Create a Survival Game",https://www.youtube.com/watch?v=5D_pWti0YpA,Beginner Guides (Beginner Guides),23680,2013-08-12,09:43,583,-61.12,-55.66,-57.23,,
Dani Krossing,#13 | RIGIDBODY VS. TRANSFORM AND UPDATE VS. FIXEDUPDATE 🎮 | Unity For Beginners | Unity Tutorial,https://www.youtube.com/watch?v=59JswoJZHY8,3D Physics & Raycasting (3D Physics & Raycasting),22403,2022-08-10,12:20,740,14.94,89.44,-24.14,,
Code Monkey,"Learn Unity, Blender and Programming Patterns!",https://www.youtube.com/watch?v=0vdmQrShbZo,C# Programming & Logic (C# Programming & Logic),22193,2022-08-10,03:12,192,91.97,-33.73,31.44,,
Code Monkey,Unity 6.5 is OUT!,https://www.youtube.com/watch?v=tEmH8kAvGgk,C# Programming & Logic (C# Programming & Logic),21986,2026-07-10,08:44,524,95.84,-13.42,13.82,,
Sebastian Lague,Unity Create a Game Series (E23. Audio pt.2),https://www.youtube.com/watch?v=xvpP9U20ioQ,Beginner Guides (Beginner Guides),21483,2016-08-11,17:22,1042,-63.56,43.51,22.76,,
Rigor Mortis Tortoise,How to Create an ANIMATOR CONTROLLER in Unity | Unity Tutorial for Beginners 2023 (Updated),https://www.youtube.com/watch?v=zRbCdVqJjd8,Animator & State Machines (Animator & State Machines),21156,2023-08-10,04:48,288,9.79,30.87,84.74,,
Jason Weimann (GameDev),Reusing Unity Animator Controllers and customizing animations with Animation Override,https://www.youtube.com/watch?v=zdLWOjVztQ8,Animator & State Machines (Animator & State Machines),20902,2018-08-11,02:46,166,7.49,23.65,104.52,,
Christina Creates Games,"The Complete Guide to Unity UI Layout Groups, Layout Element & Content Size Fitter",https://www.youtube.com/watch?v=HTQV4mukZ2M,UI Canvas & HUD Design (UI Canvas & HUD Design),20710,2025-10-13,47:18,2838,64.31,-11.49,-109.3,,
Wild Cockatiel Games,✨ How to Play Particle Effects on the UI Canvas (AND between layers) ✨,https://www.youtube.com/watch?v=_JM0g9jzOk0,"2D Physics & Movement (2D Physics & Movement, UI Canvas & HUD Design)",20253,2025-08-09,05:57,357,39.48,115.1,17.87,,
BudGames,"Rigidbody Movement in Unity | Addforce , Velocity , MovePosition",https://www.youtube.com/watch?v=Pt6ay_JFyyQ,3D Physics & Raycasting (3D Physics & Raycasting),20171,2023-08-10,06:08,368,33.16,65.07,-8.96,,
Tesaks,[Unity] - Animation not playing when using any state state in animator - easy fix,https://www.youtube.com/watch?v=RN4yrHdB0As,Animator & State Machines (Animator & State Machines),19760,2021-08-10,01:02,62,14.27,-7.91,111.86,,
Unity,Unity Video Tutorial: Getting Started with Timeline,https://www.youtube.com/watch?v=cDtR79o-mK0,Beginner Guides (Beginner Guides),19207,2026-03-12,17:21,1041,-59.08,-5.3,-77.51,,
Chris' Tutorials,Dynamic vs Kinematic Unity Rigidbody 2D Platformer Physics Explained,https://www.youtube.com/watch?v=aM11L4egZcc,"C# Programming & Logic (C# Programming & Logic, 2D Physics & Movement, 3D Physics & Raycasting)",19149,2021-08-10,10:36,636,94.16,31.97,13.68,,
Game Dev Brotherhood,How to Make a WATER SHADER | Unity 2025 TUTORIAL,https://www.youtube.com/watch?v=ILmSkM7yKD4,Shader Graph & Shaders (Shader Graph & Shaders),19053,2025-08-09,12:30,750,23.18,-86.2,-24.91,,
Philip Herlitz,Everyone Should Learn This Basic Shader Graph (Auto Tiling) - Unity Shader Graph Tutorial,https://www.youtube.com/watch?v=RSN_-4CP4g4,Shader Graph & Shaders (Shader Graph & Shaders),19002,2024-08-09,25:54,1554,29.68,-67.98,-23.4,,
A Bit Of Game Dev,Unity Canvas UI - Scale and Adapt to the device screen size! (Unity Editor Tips),https://www.youtube.com/watch?v=BNndkW4Oqno,UI Canvas & HUD Design (UI Canvas & HUD Design),18380,2024-08-09,03:13,193,59.55,-31.45,-92.04,,
Code Monkey,This is the best TOOL Unity has made in YEARS!,https://www.youtube.com/watch?v=2gP-2rQ3o_Q,C# Programming & Logic (C# Programming & Logic),17417,2026-05-11,12:58,778,111.93,-16.72,37.18,,
Game Dev Guide,Your Unity Game Is Giving Players A Bad First Impression,https://www.youtube.com/watch?v=s9VOnhQU1hE,Beginner Guides (Beginner Guides),16734,2026-07-10,07:24,444,-52.9,9.26,-22.66,,
Code Monkey,Godot finally BEAT Unity!,https://www.youtube.com/watch?v=9ExPWHU_i04,Beginner Guides (Beginner Guides),16388,2026-08-02,01:04:32,3872,-90.01,-19.77,-23.03,,
LlamAcademy,Parallax Occlusion Mapping: Depth Illusion in Shader Graph | Unity Tutorial,https://www.youtube.com/watch?v=8tfqQ829bIQ,Shader Graph & Shaders (Shader Graph & Shaders),15454,2025-08-09,08:42,522,16.81,-91.97,-5.99,,
Unity,Shader Graph Technical Overview with @BenCloward,https://www.youtube.com/watch?v=iTrrkdjGO0c,Shader Graph & Shaders (Shader Graph & Shaders),14804,2025-08-09,01:41:55,6115,0.75,-89.33,8.22,,
Overload,Is Unity C# better than UE5 Blueprints?,https://www.youtube.com/watch?v=VEmKBWBo6fo,Beginner Guides (Beginner Guides),14483,2024-08-09,06:18,378,-46.21,11.69,2.86,,
Game Dev Guide,Unity 2D Crash Course - Making A Complete Asteroids Game,https://www.youtube.com/watch?v=QGeru-kYxHY,"Beginner Guides (Beginner Guides, 2D Physics & Movement)",14096,2026-03-12,06:13:41,22421,-49.62,86.79,5.61,,
Jimmy Vegas,UNITY 6 TUTORIAL PART 9 - HOW TO USE THE CANVAS IN UNITY - HOW TO MAKE A GAME FOR BEGINNERS,https://www.youtube.com/watch?v=iHK_92QOvzo,UI Canvas & HUD Design (UI Canvas & HUD Design),13956,2025-08-09,11:03,663,35.55,6.81,-82.45,,
Unitea,Unity Basics In Just 10 Minutes!,https://www.youtube.com/watch?v=RzP9f-aZFjI,Beginner Guides (Beginner Guides),13534,2024-08-09,10:30,630,-28.82,-11.66,-88.16,,
Mission Bit,Rigidbody and Collisions | Unity Tutorial,https://www.youtube.com/watch?v=rXYjB0kdf-U,3D Physics & Raycasting (3D Physics & Raycasting),13192,2021-08-10,04:35,275,39.67,56.56,-34.47,,
Code Monkey,8 QUICK Game Dev Tips for SUCCESS!,https://www.youtube.com/watch?v=Vb5BZu7TOIk,Beginner Guides (Beginner Guides),13148,2026-03-12,13:09,789,-70.81,43.04,-64.27,,
Faktory Studios,Make ANYTHING GLOW in Unity! (Shadergraph Beginner Tutorial),https://www.youtube.com/watch?v=Q4MW3T4VpxM,Beginner Guides (Beginner Guides),12646,2025-10-13,08:25,505,-23.25,3.33,-5.48,,
Code Monkey,Do NOT make these 20 MISTAKES!,https://www.youtube.com/watch?v=RXf1jsXxWkg,Beginner Guides (Beginner Guides),12502,2026-03-12,29:14,1754,-38.72,-8.72,-28.26,,
Digvijaysinh Gohil,Toon Shading with Shader Graph - Unity 6 URP Tutorial,https://www.youtube.com/watch?v=BhhavYuT0E0,"Shader Graph & Shaders (Shader Graph & Shaders, URP & Lighting Setup)",12400,2025-08-09,18:21,1101,4.84,-85.6,-39.66,,
Jayanam,Unity 2D Physics Rigidbody Tutorial,https://www.youtube.com/watch?v=AMZ9DosZtss,"2D Physics & Movement (2D Physics & Movement, 3D Physics & Raycasting)",11528,2017-08-11,04:35,275,12.16,78.65,39.51,,
The Game Dev Cave,Unity Animator Explained,https://www.youtube.com/watch?v=U0165s9Fq9M,"Beginner Guides (Beginner Guides, Animator & State Machines)",10748,2023-08-10,10:05,605,44.17,26.5,60.84,,
Lissa Games,Mastering Unity Animator: Tips & Tricks!,https://www.youtube.com/watch?v=qNiha_PGe5I,Animator & State Machines (Animator & State Machines),10544,2024-08-09,08:06,486,28.98,24.45,82.16,,
ChidresTechTutorials,How to create Animation State Machine in Unity - Unity Animation Tutorial 03 🚀,https://www.youtube.com/watch?v=YCoTq4dmfL4,Animator & State Machines (Animator & State Machines),10302,2023-08-10,14:09,849,46.16,-1.32,106.11,,
RSDevelopment,Rigidbody.velocity - Unity Movement Tutorial,https://www.youtube.com/watch?v=FD4dFZGhrQA,3D Physics & Raycasting (3D Physics & Raycasting),9287,2022-08-10,04:29,269,27.18,61.01,-22.29,,
Ludibyte Games,How to work with Physics? Colliders and Rigidbody | Unity Course [13],https://www.youtube.com/watch?v=8O8daegB68Q,3D Physics & Raycasting (3D Physics & Raycasting),8983,2021-08-10,04:25,265,16.01,88.27,-50.49,,
The Program One,Unreal vs Unity: Why C++ and C# Both Win (And Which You Should Pick),https://www.youtube.com/watch?v=mkDmEPCID7w,Beginner Guides (Beginner Guides),8690,2025-08-09,04:04,244,-95.55,31.41,0.32,,
Vikings Devlogs,UI in UNITY Explained | Canvas,https://www.youtube.com/watch?v=mNioSjbbEIs,UI Canvas & HUD Design (UI Canvas & HUD Design),8356,2021-08-10,03:43,223,48.14,-12.16,-64.83,,
Zeus GameDev Academy,Unity 6 and C# Programming Crash Course - Chapter 1 (FREE),https://www.youtube.com/watch?v=qVaZTo1HdD0,"Beginner Guides (Beginner Guides, C# Programming & Logic)",8184,2025-09-13,03:15:25,11725,33.53,-1.49,32.3,,
DevSpark,Unity Beginner Tutorial 2026 – Complete Introduction to Unity,https://www.youtube.com/watch?v=LMkR0EXcnAM,"Beginner Guides (Beginner Guides, 2D Physics & Movement, 3D Physics & Raycasting)",7424,2026-03-12,08:11,491,-17.08,79.75,-4.74,,
Code Monkey,Building a PRO Save System in 60 MINUTES?,https://www.youtube.com/watch?v=WSpOjthCWOU,Beginner Guides (Beginner Guides),7211,2026-08-05,02:24:36,8676,-20.37,36.28,30.86,,
ProFusion Labs,Пользовательский интерфейс (UI) в Unity | Базовые знания | Юнити 2025,https://www.youtube.com/watch?v=NgmIccyXSYs,UI Canvas & HUD Design (UI Canvas & HUD Design),6546,2025-08-09,15:29,929,44.29,-21.36,-80.92,,
Code Monkey,Unity EXPLAINED in 200 SECONDS!,https://www.youtube.com/watch?v=Ah2WF-_rZig,Beginner Guides (Beginner Guides),6499,2026-03-12,04:29,269,-51.63,-42.25,69.12,,
Chris' Tutorials,Clean Animation Logic in Code vs Mechanim Animator State Machine for Unity 2022 2D RPG Tutorial,https://www.youtube.com/watch?v=v4nACx3uErM,"C# Programming & Logic (C# Programming & Logic, 2D Physics & Movement, Animator & State Machines)",6469,2023-08-10,11:15,675,80.42,19.77,50.07,,
Code Monkey,Do THIS to pick your next SUCCESSFUL game idea!,https://www.youtube.com/watch?v=zkKU7Vj5Syc,Beginner Guides (Beginner Guides),6210,2026-07-12,06:45,405,-86.84,24.45,-8.94,,
Christina Creates Games,How to place UI elements inside your world - the Unity World Canvas explained,https://www.youtube.com/watch?v=Fw3uQmx-46M,UI Canvas & HUD Design (UI Canvas & HUD Design),6121,2025-08-09,02:58,178,80.91,-12.72,-82.5,,
Code Monkey,TOP 10 NEW Systems and Tools FEBRUARY 2026! | Unity Asset Store,https://www.youtube.com/watch?v=FdyHnVIoQko,Beginner Guides (Beginner Guides),5870,2026-03-12,08:11,491,-35.49,-31.84,-81.96,,
NowWeWake,An Easy Tutorial for a Third Person Animation and Movement State Machine,https://www.youtube.com/watch?v=GE6QjMtHV2M,Animator & State Machines (Animator & State Machines),5840,2021-08-10,37:15,2235,18.45,-18.11,96.72,,
Master AI,Aprende C# para Unity desde CERO en 7 HORAS (Curso Completo),https://www.youtube.com/watch?v=MiYJkB2gTaA,C# Programming & Logic (C# Programming & Logic),5833,2026-04-11,07:23:40,26620,113.27,-40.6,31.04,,
AnanDEV,Sub State Machines in Unity Explained,https://www.youtube.com/watch?v=-Vs9maot4x4,Animator & State Machines (Animator & State Machines),5763,2024-08-09,07:22,442,6.64,3.4,77.52,,
RSDevelopment,Rigidbody.AddForce() - Unity Movement Tutorial,https://www.youtube.com/watch?v=B7t6zx5LuwQ,3D Physics & Raycasting (3D Physics & Raycasting),5597,2022-08-10,04:27,267,44.95,61.18,-18.35,,
Chong-U — AI Oriented Dev,Combine Opus 5 + Unity for Building 3D Games - Unity CLI + Gauntlet Loop,https://www.youtube.com/watch?v=BDkrIUU0XCE,3D Physics & Raycasting (3D Physics & Raycasting),5564,2026-08-07,13:14,794,69.75,71.88,-65.92,,
Dapper Dino,How to use the Unity Animator - Intermediate Tutorial,https://www.youtube.com/watch?v=0t3AyFg2fh8,Animator & State Machines (Animator & State Machines),5285,2018-08-11,28:18,1698,45.47,19.87,89.48,,
Mina Pêcheux,Make a Finite State Machine in Unity in Two Minutes,https://www.youtube.com/watch?v=a-G0qSLZOKQ,Animator & State Machines (Animator & State Machines),5152,2024-08-09,02:22,142,45.86,-0.74,86.17,,
Unity,Get started with Shader Graph,https://www.youtube.com/watch?v=9piI8Flmiso,"Beginner Guides (Beginner Guides, Shader Graph & Shaders)",4886,2026-05-11,01:07,67,33.96,-54.23,5.43,,
Wicked Cat Studios,Unity 5 - From Beginner to Pro #31 - Rigidbody,https://www.youtube.com/watch?v=m1688AhMp1g,"Beginner Guides (Beginner Guides, 3D Physics & Raycasting)",4216,2016-08-11,16:28,988,-7.25,46.85,1.87,,
GameDev247,How to Make Games in Unity – Vibe Coding Explained! (Free Game Jam Template Course Tutorial #0014),https://www.youtube.com/watch?v=ZYnaI_GbvkU,Beginner Guides (Beginner Guides),3942,2026-03-12,17:01,1021,-16.63,11.46,-67.95,,
Code Monkey,How Unity runs INSIDE Unreal Engine Fortnite!,https://www.youtube.com/watch?v=WuW-P67ZyQM,Beginner Guides (Beginner Guides),3617,2023-06-15,01:17:43,4663,-93.44,51.28,8.71,,
Hunter Studio,HOW TO SETUP A CANVAS | UNITY3D TUTORIAL,https://www.youtube.com/watch?v=4MVMCNJ7hAY,UI Canvas & HUD Design (UI Canvas & HUD Design),3480,2023-08-10,00:55,55,66.4,4.4,-83.67,,
Wild Cockatiel Games,How to Use a State Machine in Unity,https://www.youtube.com/watch?v=Als_d-UIgVo,"C# Programming & Logic (C# Programming & Logic, Animator & State Machines)",2918,2025-08-09,14:45,885,85.02,6.93,56.17,,
The Messy Coder,Unity Animator Beginner Tutorial | How To Create Animation Events In Unity,https://www.youtube.com/watch?v=Rhen5b21WMQ,"Beginner Guides (Beginner Guides, Animator & State Machines)",2873,2020-08-10,37:00,2220,47.67,38.23,66.99,,
Pragmatic Gamedev,Domina el Canvas en Unity! Guía Completa para Crear Interfaces con ejemplos,https://www.youtube.com/watch?v=ifxmEuQwrnc,UI Canvas & HUD Design (UI Canvas & HUD Design),2765,2025-08-09,21:13,1273,64.7,14.12,-62.11,,
Wicked Cat Studios,Unity 3D Lesson 11 – Physics (Rigidbody),https://www.youtube.com/watch?v=QG_sQxeNxj0,3D Physics & Raycasting (3D Physics & Raycasting),2745,2015-08-12,04:59,299,26.5,69.24,-60.37,,
Unity Code Lab,How to Scale Unity UI Canvas to Fit on All Resolutions,https://www.youtube.com/watch?v=hqN5hu5licc,UI Canvas & HUD Design (UI Canvas & HUD Design),2649,2024-08-09,00:46,46,59.47,-12.64,-88.78,,
make100games,Unity Shader Graph Basics Explained: A deeper look at the nodes and what they mean,https://www.youtube.com/watch?v=i7yYwUoieZI,"Beginner Guides (Beginner Guides, Shader Graph & Shaders)",2524,2025-08-09,11:50,710,16.69,-53.31,15.03,,
bbautista AtavismDev,Atavism Unity 5 - Different Animations using State Machine & SubStateMachine,https://www.youtube.com/watch?v=C4IVTLAWwr0,Animator & State Machines (Animator & State Machines),2365,2017-08-11,13:16,796,14.78,-13.94,78.92,,
Kozmobot Games,State Machine in Unity 3D - Tutorial for Beginners,https://www.youtube.com/watch?v=7QIcd6_TTys,"2D Physics & Movement (2D Physics & Movement, 3D Physics & Raycasting, Animator & State Machines)",2110,2025-08-09,09:16,556,11.46,56.83,46.93,,
unity creators,Sub-State-Machine with jumping animation with C# script in UNITY/ ANIMATION TUTORIAL/,https://www.youtube.com/watch?v=baKXoyQTMlM,Animator & State Machines (Animator & State Machines),2090,2021-08-10,19:38,1178,31.09,0.75,120.0,,
AlexDev,Unity For Beginners - Rigidbody and Collider,https://www.youtube.com/watch?v=8IpsNcxbdsw,3D Physics & Raycasting (3D Physics & Raycasting),2023,2023-08-10,08:47,527,21.35,57.34,-41.14,,
VionixStudio,Unity Rigidbody 101: How to Add Physics to Your Game,https://www.youtube.com/watch?v=U7JrNVXzoq0,3D Physics & Raycasting (3D Physics & Raycasting),1995,2023-08-10,11:39,699,31.36,71.3,-42.56,,
Final Parsec,Unity Animator State Machine Tutorial,https://www.youtube.com/watch?v=xPw9bknBOwI,Animator & State Machines (Animator & State Machines),1847,2015-08-12,03:43,223,31.79,10.11,93.0,,
Dilmer Valecillos,Unity3d Editor Tutorial on Physics - How to create and configure rigidbodies in Unity3d?,https://www.youtube.com/watch?v=3tE9IW46RYU,3D Physics & Raycasting (3D Physics & Raycasting),1788,2019-08-11,17:58,1078,49.43,91.25,-73.81,,
AnanDEV,7 ESSENTIAL Canvas UI Tips Every Unity Developer Needs!,https://www.youtube.com/watch?v=L2stdh99TEI,UI Canvas & HUD Design (UI Canvas & HUD Design),1751,2025-08-09,10:47,647,59.97,-21.53,-74.68,,
AVILLASTUDIO,🎮 UNITY 6 UI Tutorial: How to Make Your CANVAS RESPONISVE on any SCREEN Size,https://www.youtube.com/watch?v=AO2p4XjH90M,UI Canvas & HUD Design (UI Canvas & HUD Design),1742,2025-08-09,07:29,449,45.79,-22.35,-101.5,,
Driple Studios,Unity 2D: Creating User Interface | Part 02 | Canvas,https://www.youtube.com/watch?v=SpxZWw29FfM,"2D Physics & Movement (2D Physics & Movement, UI Canvas & HUD Design)",1641,2024-08-09,11:08,668,30.99,117.46,30.38,,
Code Flow,Unity 6 Tutorial: 5 Jump Techniques Using Physics | Rigidbody Jumping Explained,https://www.youtube.com/watch?v=V5x9q433rmE,3D Physics & Raycasting (3D Physics & Raycasting),1585,2025-08-09,06:11,371,32.44,40.03,-26.91,,
Natural Power Games,[Unity StateMachine Tutorial] Character Animations Part I,https://www.youtube.com/watch?v=ZW9DA_xTOWw,Beginner Guides (Beginner Guides),1361,2016-08-11,13:16,796,-34.79,-66.12,15.07,,
Fregs Games,Unity 2020 UI Tutorial 01 - Canvas,https://www.youtube.com/watch?v=4VxJF5-s0Ds,UI Canvas & HUD Design (UI Canvas & HUD Design),1355,2021-08-10,09:06,546,51.19,3.73,-96.66,,
BlenderTek,Collider and Rigidbody Components in Unity Tutorial - Zero 2 Hero Lesson 2: Physics Part 1 of 3,https://www.youtube.com/watch?v=cgh51b8_0r4,3D Physics & Raycasting (3D Physics & Raycasting),1186,2015-08-12,13:07,787,12.78,60.06,-56.98,,
Lukas Vantilburg,Unity Creature and Vehicle Controller Tutorial - Rigid Body,https://www.youtube.com/watch?v=1b0P-Q1_7Pg,3D Physics & Raycasting (3D Physics & Raycasting),1153,2021-08-10,06:44,404,75.95,68.07,-42.57,,
Rytech,I Made a 3D Physics Simulation WITHOUT RIGIDBODIES IN UNITY,https://www.youtube.com/watch?v=uK44y-Uw5CI,3D Physics & Raycasting (3D Physics & Raycasting),1040,2023-08-10,02:56,176,47.18,71.66,-66.63,,
Francesco Milanese | CG Tutorials,UNITY - Basics: Rigid Body and Physics Materials to make objects fall and bounce,https://www.youtube.com/watch?v=nG7zy5MluNM,"Beginner Guides (Beginner Guides, 3D Physics & Raycasting, Shader Graph & Shaders)",947,2024-08-09,07:44,464,29.65,-39.68,-10.23,,
RumpledCode,Unity Tutorial - Simple Dash (using a Rigidbody),https://www.youtube.com/watch?v=xbUBqROEnyQ,3D Physics & Raycasting (3D Physics & Raycasting),864,2026-01-11,06:00,360,52.75,44.04,-26.24,,
TechWorld Plaza,Unity 3d Learn to use the AddForce function to move a physics (rigidbody) object using C# | In Brief,https://www.youtube.com/watch?v=N43UGr1bAqQ,3D Physics & Raycasting (3D Physics & Raycasting),800,2023-08-10,02:52,172,43.75,48.84,-7.61,,
Casayona Code,UNITY C# GAME DEVELOPMENT - UI Canvas Explained | 2025 Beginner Course | EP 50,https://www.youtube.com/watch?v=Zd1qJOGu9p8,"Beginner Guides (Beginner Guides, UI Canvas & HUD Design)",696,2025-08-09,02:31,151,21.04,14.82,-102.69,,
Yondernauts Games,Unity Animator Controllers for NeoFPS Firearms - 06 - Sub-State Machines,https://www.youtube.com/watch?v=HfcF9G2rPb0,Animator & State Machines (Animator & State Machines),587,2022-08-10,15:26,926,-0.42,12.68,90.43,,
KamKamKee,Some Video about Unity Physics in 5 Minutes (Rigidbodies),https://www.youtube.com/watch?v=37mjAX4ewvw,"C# Programming & Logic (C# Programming & Logic, 3D Physics & Raycasting)",555,2025-08-09,04:59,299,108.62,14.93,-7.49,,
Kunal Parmar,Using Animator State Machine Unity3D,https://www.youtube.com/watch?v=3o9KLU-6Ks8,Animator & State Machines (Animator & State Machines),515,2015-08-12,01:37,97,0.84,-8.9,92.0,,
KuniDev,Unity 6 Beginner Tutorial: 2D Rigidbody & Box Collider Explained #unity6 #unitytutorials #beginners,https://www.youtube.com/watch?v=P9QqpbZOptM,"Beginner Guides (Beginner Guides, 2D Physics & Movement, 3D Physics & Raycasting)",465,2025-08-09,07:55,475,-14.8,70.7,9.69,,
Shack Man,Unity Statemachine Tutorial Part 2 - Any State transitions (Holy Sock #03),https://www.youtube.com/watch?v=-x-ofmok0uc,Beginner Guides (Beginner Guides),424,2020-08-10,07:29,449,-32.01,-62.63,35.01,,
Borzon Studios,Unity RigidBody & Collider Overview,https://www.youtube.com/watch?v=B8Iy0x2sB7Q,3D Physics & Raycasting (3D Physics & Raycasting),422,2020-08-10,06:22,382,11.63,67.76,-39.4,,
Natural Power Games,[Unity StateMachine Tutorial] Character Animations 2/2!,https://www.youtube.com/watch?v=ak8bFUao8QM,Beginner Guides (Beginner Guides),350,2016-08-11,24:05,1445,-42.79,-59.46,18.56,,
Dover8,Unity UI Canvas,https://www.youtube.com/watch?v=g1peEb1BsaU,UI Canvas & HUD Design (UI Canvas & HUD Design),333,2022-08-10,09:43,583,48.8,-4.27,-79.85,,
Granny's Game Lab,Unity Rigidbody Tutorial for Beginners | Physics Explained,https://www.youtube.com/watch?v=L-PUWy8DMew,"Beginner Guides (Beginner Guides, 3D Physics & Raycasting)",319,2025-08-09,07:49,469,-8.38,57.64,-4.16,,
Wealk's Playground,Fundamentos de Unity - User interface: Canvas y componentes básicos,https://www.youtube.com/watch?v=yDkqPXsG3XA,UI Canvas & HUD Design (UI Canvas & HUD Design),317,2025-08-09,17:46,1066,52.3,16.7,-80.68,,
git-amend,Can Zig Beat Unity's Burst Compiler?,https://www.youtube.com/watch?v=EHeZN_I45EQ,Beginner Guides (Beginner Guides),315,2023-06-15,09:37,577,-78.34,-18.91,-19.87,,
PixelPulse,Animation State Machine in Unity,https://www.youtube.com/watch?v=Za4aCXxJd28,Animator & State Machines (Animator & State Machines),307,2021-08-10,00:45,45,29.78,-3.57,101.01,,
Mike Macfadden,Unity 3D UI Element Canvas Settings,https://www.youtube.com/watch?v=yHuvfFwJO3g,"3D Physics & Raycasting (3D Physics & Raycasting, UI Canvas & HUD Design)",303,2019-08-11,01:35,95,80.7,41.29,-57.06,,
Prime Knight,Simple Animation State Machine in Unity (For Beginners) | Enemy State Machine in Unity,https://www.youtube.com/watch?v=PSRAHTBR03o,Animator & State Machines (Animator & State Machines),286,2026-03-12,35:05,2105,36.67,-16.99,90.16,,
gsTuts,Swappable State Machine Animations Part 1  - Setting up swapping,https://www.youtube.com/watch?v=otz-Pwwqw8Y,Animator & State Machines (Animator & State Machines),280,2020-08-10,16:22,982,25.96,-2.61,83.68,,
Dima Does Dev,Unity StateMachine - Animations & Camera (4/4),https://www.youtube.com/watch?v=KHXY_zNI8vM,Beginner Guides (Beginner Guides),264,2024-08-09,08:13,493,-47.76,-74.35,19.82,,
Casayona Code,UNITY C# GAME DEVELOPMENT - Rigidbody Unity | 2025 Beginner Course | EP 25,https://www.youtube.com/watch?v=tvAeYKBcL3s,"Beginner Guides (Beginner Guides, 3D Physics & Raycasting)",232,2025-08-09,04:04,244,-22.06,50.16,0.05,,
AVILLASTUDIO,🎮 UNITY 6 UI: Make your CANVAS RESPONISVE,https://www.youtube.com/watch?v=PfsWTiP7szA,UI Canvas & HUD Design (UI Canvas & HUD Design),227,2025-09-13,07:29,449,38.51,-9.34,-93.1,,
TechWorld Plaza,Unity  - How to Jump Player | C # Scripting Character Movement | Rigidbody Physics | FixedUpdate C#,https://www.youtube.com/watch?v=css9APcCOOY,"C# Programming & Logic (C# Programming & Logic, 3D Physics & Raycasting)",219,2023-08-10,03:29,209,94.55,14.8,-21.42,,
Eric Ameres (eraserMice),Unity3D animator state machine - sprite animations via input and physics,https://www.youtube.com/watch?v=mHLxCYC7www,"2D Physics & Movement (2D Physics & Movement, 3D Physics & Raycasting, Animator & State Machines)",145,2020-08-10,21:57,1317,22.9,61.35,54.79,,
Gamedevtricks,How To Add UI Buttons inside canvas in Unity,https://www.youtube.com/watch?v=XCyMBgCB-34,"2D Physics & Movement (2D Physics & Movement, UI Canvas & HUD Design)",144,2019-08-11,08:21,501,45.02,112.54,31.21,,
Roger Crawfis,"Understanding Unity's Rigid Body's, Triggers and the IsKinematic.",https://www.youtube.com/watch?v=QJfL7JpBSI0,Beginner Guides (Beginner Guides),84,2020-08-10,06:35,395,-28.44,-18.66,72.79,,
Unity Insights English,Unity Rigidbody Component Explained | Complete Guide for Absolute Beginners with Live Demo,https://www.youtube.com/watch?v=0gCC8s44A00,3D Physics & Raycasting (3D Physics & Raycasting),76,2025-12-12,26:43,1603,26.89,42.61,-47.19,,
ArcadeCode,ArcadeCode - Unity Tutorial 10 RigidBody,https://www.youtube.com/watch?v=DFLiqN231cg,3D Physics & Raycasting (3D Physics & Raycasting),27,2013-08-12,05:52,352,39.09,58.57,-50.38,,
Rev Games Academy Private Limited,Physics and Particle Systems | Chapter - 1 | Introduction to Unity Physics (Rigidbody and Colliders),https://www.youtube.com/watch?v=LsvU8904Ncs,"Beginner Guides (Beginner Guides, 3D Physics & Raycasting)",26,2025-08-09,07:26,446,-7.64,64.96,-18.03,,
Hugo Rivera Brazuelo,Unity Animator State Machine - Character Transitions,https://www.youtube.com/watch?v=LTfUIskmjxs,Animator & State Machines (Animator & State Machines),4,2026-05-11,00:43,43,35.2,8.71,74.89,,
